timestamp_utc,tracking_id,parent_market_name,primary_outcome_to_track,comparison_price,fair_value,fair_value_group_norm,raw_gap,normalized_gap,selected_gap,selected_abs_gap,selected_direction,selected_strength,error_tags,diagnostic_class,analysis_action,group_n,group_fair_sum,group_market_sum,group_mass_flag,use_normalized_for_analysis,price_type,liquidity_flags,markout_status,directional_markout
2026-06-29T18:44:28Z,RSO-0001,"Senate control, 2026",Republican Party,0.575,0.65,0.65,0.075,0.075,0.075,0.075,NO_SIGNAL,none,binary_clean|no_material_signal,no_signal,"Retain for calibration/base rate, not active disagreement.",2,1,1,,false,mid,,,
2026-06-29T18:44:28Z,RSO-0002,"Senate control, 2026",Democratic Party,0.425,0.35,0.35,-0.075,-0.075,-0.075,0.075,NO_SIGNAL,none,binary_clean|no_material_signal,no_signal,"Retain for calibration/base rate, not active disagreement.",2,1,1,,false,mid,,,
2026-06-29T18:44:28Z,RSO-0003,"House control, 2026",Republican Party,0.175,0.45,0.45,0.275,0.275,0.275,0.275,LLM_HIGHER,large,binary_clean|large_gap|markout_pending,clean_binary_disagreement,Track as high-priority disagreement candidate.,2,1,1.01,,false,mid,,PENDING,
2026-06-29T18:44:28Z,RSO-0004,"House control, 2026",Democratic Party,0.835,0.55,0.55,-0.285,-0.285,-0.285,0.285,MARKET_HIGHER,large,binary_clean|large_gap|markout_pending,clean_binary_disagreement,Track as high-priority disagreement candidate.,2,1,1.01,,false,mid,,PENDING,
2026-06-29T18:44:28Z,RSO-0005,Republican House seats after 2026 midterms,Below 190,0.305,0.15,0.0375,-0.155,-0.2675,-0.2675,0.2675,MARKET_HIGHER,large,probability_mass_incoherence|multi_option_market|range_or_bucket_market|large_gap|markout_pending,use_group_prompt_or_normalized_only,Do not use raw row-by-row gap; use normalized/group-prompt estimate and log coherence failure.,10,4,1.035,llm_mass_too_high,true,mid,,PENDING,
2026-06-29T18:44:28Z,RSO-0006,Republican House seats after 2026 midterms,190-194,0.125,0.35,0.0875,0.225,-0.0375,-0.0375,0.0375,NO_SIGNAL,none,probability_mass_incoherence|multi_option_market|range_or_bucket_market|no_material_signal|markout_pending,use_group_prompt_or_normalized_only,Do not use raw row-by-row gap; use normalized/group-prompt estimate and log coherence failure.,10,4,1.035,llm_mass_too_high,true,mid,,PENDING,
2026-06-29T18:44:28Z,RSO-0007,Republican House seats after 2026 midterms,195-199,0.165,0.45,0.1125,0.285,-0.0525,-0.0525,0.0525,NO_SIGNAL,none,probability_mass_incoherence|multi_option_market|range_or_bucket_market|no_material_signal|markout_pending,use_group_prompt_or_normalized_only,Do not use raw row-by-row gap; use normalized/group-prompt estimate and log coherence failure.,10,4,1.035,llm_mass_too_high,true,mid,,PENDING,
2026-06-29T18:44:28Z,RSO-0008,Republican House seats after 2026 midterms,200-204,0.086,0.45,0.1125,0.364,0.0265,0.0265,0.0265,NO_SIGNAL,none,probability_mass_incoherence|multi_option_market|range_or_bucket_market|no_material_signal|markout_pending,use_group_prompt_or_normalized_only,Do not use raw row-by-row gap; use normalized/group-prompt estimate and log coherence failure.,10,4,1.035,llm_mass_too_high,true,mid,,PENDING,
2026-06-29T18:44:28Z,RSO-0009,Republican House seats after 2026 midterms,205-209,0.064,0.45,0.1125,0.386,0.0485,0.0485,0.0485,NO_SIGNAL,none,probability_mass_incoherence|multi_option_market|range_or_bucket_market|no_material_signal|markout_pending,use_group_prompt_or_normalized_only,Do not use raw row-by-row gap; use normalized/group-prompt estimate and log coherence failure.,10,4,1.035,llm_mass_too_high,true,mid,,PENDING,
2026-06-29T18:44:28Z,RSO-0010,Republican House seats after 2026 midterms,210-214,0.0575,0.45,0.1125,0.3925,0.055,0.055,0.055,NO_SIGNAL,none,probability_mass_incoherence|multi_option_market|range_or_bucket_market|no_material_signal|markout_pending,use_group_prompt_or_normalized_only,Do not use raw row-by-row gap; use normalized/group-prompt estimate and log coherence failure.,10,4,1.035,llm_mass_too_high,true,mid,,PENDING,
2026-06-29T18:44:28Z,RSO-0011,Republican House seats after 2026 midterms,215-219,0.0975,0.45,0.1125,0.3525,0.015,0.015,0.015,NO_SIGNAL,none,probability_mass_incoherence|multi_option_market|range_or_bucket_market|no_material_signal|markout_pending,use_group_prompt_or_normalized_only,Do not use raw row-by-row gap; use normalized/group-prompt estimate and log coherence failure.,10,4,1.035,llm_mass_too_high,true,mid,,PENDING,
2026-06-29T18:44:28Z,RSO-0012,Republican House seats after 2026 midterms,220-224,0.077,0.35,0.0875,0.273,0.0105,0.0105,0.0105,NO_SIGNAL,none,probability_mass_incoherence|multi_option_market|range_or_bucket_market|no_material_signal|markout_pending,use_group_prompt_or_normalized_only,Do not use raw row-by-row gap; use normalized/group-prompt estimate and log coherence failure.,10,4,1.035,llm_mass_too_high,true,mid,,PENDING,
2026-06-29T18:44:28Z,RSO-0013,Republican House seats after 2026 midterms,225-229,0.0395,0.45,0.1125,0.4105,0.073,0.073,0.073,NO_SIGNAL,none,probability_mass_incoherence|multi_option_market|range_or_bucket_market|no_material_signal|markout_pending,use_group_prompt_or_normalized_only,Do not use raw row-by-row gap; use normalized/group-prompt estimate and log coherence failure.,10,4,1.035,llm_mass_too_high,true,mid,,PENDING,
2026-06-29T18:44:28Z,RSO-0014,Republican House seats after 2026 midterms,230+,0.0185,0.45,0.1125,0.4315,0.094,0.094,0.094,NO_SIGNAL,none,probability_mass_incoherence|multi_option_market|range_or_bucket_market|no_material_signal|markout_pending,use_group_prompt_or_normalized_only,Do not use raw row-by-row gap; use normalized/group-prompt estimate and log coherence failure.,10,4,1.035,llm_mass_too_high,true,mid,,PENDING,
2026-06-29T18:44:28Z,RSO-0015,Republican Senate seats after 2026 midterms,≤47,0.255,0.15,0.065217,-0.105,-0.189783,-0.189783,0.189783,MARKET_HIGHER,medium,probability_mass_incoherence|incomplete_market_group|multi_option_market|range_or_bucket_market|markout_pending,diagnostic_only_incomplete_market,Exclude from headline signal analysis until group is completed.,6,2.3,0.347,llm_mass_too_high|market_mass_low,true,mid,,PENDING,
2026-06-29T18:44:28Z,RSO-0021,Republican Senate seats after 2026 midterms,53,0.036,0.55,0.23913,0.514,0.20313,0.20313,0.20313,LLM_HIGHER,medium,probability_mass_incoherence|incomplete_market_group|multi_option_market|range_or_bucket_market|markout_pending,diagnostic_only_incomplete_market,Exclude from headline signal analysis until group is completed.,6,2.3,0.347,llm_mass_too_high|market_mass_low,true,mid,,PENDING,
2026-06-29T18:44:28Z,RSO-0022,Republican Senate seats after 2026 midterms,54,0.0155,0.35,0.152174,0.3345,0.136674,0.136674,0.136674,LLM_HIGHER,small,probability_mass_incoherence|incomplete_market_group|multi_option_market|range_or_bucket_market|markout_pending,diagnostic_only_incomplete_market,Exclude from headline signal analysis until group is completed.,6,2.3,0.347,llm_mass_too_high|market_mass_low,true,mid,,PENDING,
2026-06-29T18:44:28Z,RSO-0023,Republican Senate seats after 2026 midterms,55,0.0165,0.35,0.152174,0.3335,0.135674,0.135674,0.135674,LLM_HIGHER,small,probability_mass_incoherence|incomplete_market_group|multi_option_market|range_or_bucket_market|markout_pending,diagnostic_only_incomplete_market,Exclude from headline signal analysis until group is completed.,6,2.3,0.347,llm_mass_too_high|market_mass_low,true,mid,,PENDING,
2026-06-29T18:44:28Z,RSO-0024,Republican Senate seats after 2026 midterms,56,0.0105,0.35,0.152174,0.3395,0.141674,0.141674,0.141674,LLM_HIGHER,small,probability_mass_incoherence|incomplete_market_group|multi_option_market|range_or_bucket_market|markout_pending,diagnostic_only_incomplete_market,Exclude from headline signal analysis until group is completed.,6,2.3,0.347,llm_mass_too_high|market_mass_low,true,mid,,PENDING,
2026-06-29T18:44:28Z,RSO-0025,Republican Senate seats after 2026 midterms,57+,0.0135,0.55,0.23913,0.5365,0.22563,0.22563,0.22563,LLM_HIGHER,medium,probability_mass_incoherence|incomplete_market_group|multi_option_market|range_or_bucket_market|markout_pending,diagnostic_only_incomplete_market,Exclude from headline signal analysis until group is completed.,6,2.3,0.347,llm_mass_too_high|market_mass_low,true,mid,,PENDING,
2026-06-29T18:44:28Z,RSO-0026,Maine Senate Election Winner,Democrat,0.615,0.45,0.5,-0.165,-0.115,-0.165,0.165,MARKET_HIGHER,medium,binary_clean|markout_pending,standard_signal,Track normally.,2,0.9,1,,false,mid,,PENDING,
2026-06-29T18:44:28Z,RSO-0027,Maine Senate Election Winner,Republican,0.385,0.45,0.5,0.065,0.115,0.065,0.065,NO_SIGNAL,none,binary_clean|no_material_signal|markout_pending,no_signal,"Retain for calibration/base rate, not active disagreement.",2,0.9,1,,false,mid,,PENDING,
2026-06-29T18:44:28Z,RSO-0028,Texas Senate Election Winner,Ken Paxton (R),0.565,0.65,0.590909,0.085,0.025909,0.085,0.085,NO_SIGNAL,none,binary_clean|no_material_signal,no_signal,"Retain for calibration/base rate, not active disagreement.",2,1.1,0.985,,false,mid,,,
2026-06-29T18:44:28Z,RSO-0029,Texas Senate Election Winner,James Talarico (D),0.42,0.45,0.409091,0.03,-0.010909,0.03,0.03,NO_SIGNAL,none,binary_clean|no_material_signal,no_signal,"Retain for calibration/base rate, not active disagreement.",2,1.1,0.985,,false,mid,,,
2026-06-29T18:44:28Z,RSO-0030,Alaska Senate Election Winner,Mary Peltola,0.695,0.45,0.272727,-0.245,-0.422273,-0.422273,0.422273,MARKET_HIGHER,large,probability_mass_incoherence|multi_option_market|large_gap|markout_pending,use_group_prompt_or_normalized_only,Do not use raw row-by-row gap; use normalized/group-prompt estimate and log coherence failure.,5,1.65,1.003,llm_mass_too_high,true,mid,,PENDING,
2026-06-29T18:44:28Z,RSO-0031,Alaska Senate Election Winner,Dan Sullivan,0.305,0.55,0.333333,0.245,0.028333,0.028333,0.028333,NO_SIGNAL,none,probability_mass_incoherence|multi_option_market|no_material_signal|markout_pending,use_group_prompt_or_normalized_only,Do not use raw row-by-row gap; use normalized/group-prompt estimate and log coherence failure.,5,1.65,1.003,llm_mass_too_high,true,mid,,PENDING,
2026-06-29T18:44:28Z,RSO-0032,Alaska Senate Election Winner,Dustin Darden,0.001,0.15,0.090909,0.149,0.089909,0.089909,0.089909,NO_SIGNAL,none,probability_mass_incoherence|ask_only_price|multi_option_market|no_material_signal|markout_pending,use_group_prompt_or_normalized_only,Do not use raw row-by-row gap; use normalized/group-prompt estimate and log coherence failure.,5,1.65,1.003,llm_mass_too_high,true,ask_only,no_bids,PENDING,
2026-06-29T18:44:28Z,RSO-0033,Alaska Senate Election Winner,Ann Diener,0.001,0.25,0.151515,0.249,0.150515,0.150515,0.150515,LLM_HIGHER,medium,probability_mass_incoherence|ask_only_price|multi_option_market|markout_pending,use_group_prompt_or_normalized_only,Do not use raw row-by-row gap; use normalized/group-prompt estimate and log coherence failure.,5,1.65,1.003,llm_mass_too_high,true,ask_only,no_bids,PENDING,
2026-06-29T18:44:28Z,RSO-0034,Alaska Senate Election Winner,Richard Grayson,0.001,0.25,0.151515,0.249,0.150515,0.150515,0.150515,LLM_HIGHER,medium,probability_mass_incoherence|ask_only_price|multi_option_market|markout_pending,use_group_prompt_or_normalized_only,Do not use raw row-by-row gap; use normalized/group-prompt estimate and log coherence failure.,5,1.65,1.003,llm_mass_too_high,true,ask_only,no_bids,PENDING,
2026-06-29T18:44:28Z,RSO-0035,Nebraska Senate Election Winner,Republican,0.655,0.55,0.478261,-0.105,-0.176739,-0.176739,0.176739,MARKET_HIGHER,medium,multi_option_market|markout_pending,multi_option_interpretable_with_normalization,Use normalized or group-prompt estimate; compare against markouts.,3,1.15,0.9485,,true,mid,,PENDING,
2026-06-29T18:44:28Z,RSO-0036,Nebraska Senate Election Winner,Independent,0.27,0.15,0.130435,-0.12,-0.139565,-0.139565,0.139565,MARKET_HIGHER,small,multi_option_market|markout_pending,multi_option_interpretable_with_normalization,Use normalized or group-prompt estimate; compare against markouts.,3,1.15,0.9485,,true,mid,,PENDING,
2026-06-29T18:44:28Z,RSO-0037,Nebraska Senate Election Winner,Democrat,0.0235,0.45,0.391304,0.4265,0.367804,0.367804,0.367804,LLM_HIGHER,large,multi_option_market|large_gap|markout_pending,multi_option_interpretable_with_normalization,Use normalized or group-prompt estimate; compare against markouts.,3,1.15,0.9485,,true,mid,,PENDING,
2026-06-29T18:44:28Z,RSO-0038,Michigan Senate Election Winner,Democrat,0.72,0.45,0.5,-0.27,-0.22,-0.27,0.27,MARKET_HIGHER,large,binary_clean|large_gap|markout_pending,clean_binary_disagreement,Track as high-priority disagreement candidate.,2,0.9,0.995,,false,mid,,PENDING,
2026-06-29T18:44:28Z,RSO-0039,Michigan Senate Election Winner,Republican,0.275,0.45,0.5,0.175,0.225,0.175,0.175,LLM_HIGHER,medium,binary_clean|markout_pending,standard_signal,Track normally.,2,0.9,0.995,,false,mid,,PENDING,
2026-06-29T18:44:28Z,RSO-0040,Ohio Senate Election Winner,Sherrod Brown (D),0.555,0.55,0.55,-0.005,-0.005,-0.005,0.005,NO_SIGNAL,none,binary_clean|no_material_signal,no_signal,"Retain for calibration/base rate, not active disagreement.",2,1,0.995,,false,mid,,,
2026-06-29T18:44:28Z,RSO-0041,Ohio Senate Election Winner,Jon Husted (R),0.44,0.45,0.45,0.01,0.01,0.01,0.01,NO_SIGNAL,none,binary_clean|no_material_signal,no_signal,"Retain for calibration/base rate, not active disagreement.",2,1,0.995,,false,mid,,,
2026-06-29T18:44:28Z,RSO-0042,North Carolina Senate Election Winner,Roy Cooper (D),0.865,0.55,0.55,-0.315,-0.315,-0.315,0.315,MARKET_HIGHER,large,binary_clean|large_gap|markout_pending,clean_binary_disagreement,Track as high-priority disagreement candidate.,2,1,1.01,,false,mid,,PENDING,
2026-06-29T18:44:28Z,RSO-0043,North Carolina Senate Election Winner,Michael Whatley (R),0.145,0.45,0.45,0.305,0.305,0.305,0.305,LLM_HIGHER,large,binary_clean|large_gap|markout_pending,clean_binary_disagreement,Track as high-priority disagreement candidate.,2,1,1.01,,false,mid,,PENDING,
2026-06-29T18:44:28Z,RSO-0044,Georgia Senate Election Winner,Democrat,0.855,0.45,0.5,-0.405,-0.355,-0.405,0.405,MARKET_HIGHER,large,binary_clean|large_gap|markout_pending,clean_binary_disagreement,Track as high-priority disagreement candidate.,2,0.9,1.0035,,false,mid,,PENDING,
2026-06-29T18:44:28Z,RSO-0045,Georgia Senate Election Winner,Republican,0.1485,0.45,0.5,0.3015,0.3515,0.3015,0.3015,LLM_HIGHER,large,binary_clean|large_gap|markout_pending,clean_binary_disagreement,Track as high-priority disagreement candidate.,2,0.9,1.0035,,false,mid,,PENDING,
2026-06-29T18:44:28Z,RSO-0046,New Hampshire Senate Election Winner,Democrat,0.845,0.45,0.5,-0.395,-0.345,-0.395,0.395,MARKET_HIGHER,large,binary_clean|large_gap|markout_pending,clean_binary_disagreement,Track as high-priority disagreement candidate.,2,0.9,0.98,,false,mid,,PENDING,
2026-06-29T18:44:28Z,RSO-0047,New Hampshire Senate Election Winner,Republican,0.135,0.45,0.5,0.315,0.365,0.315,0.315,LLM_HIGHER,large,binary_clean|large_gap|markout_pending,clean_binary_disagreement,Track as high-priority disagreement candidate.,2,0.9,0.98,,false,mid,,PENDING,
2026-06-29T18:44:28Z,RSO-0048,Iowa Senate Election Winner,Republican,0.555,0.45,0.5,-0.105,-0.055,-0.105,0.105,MARKET_HIGHER,small,binary_clean|markout_pending,standard_signal,Track normally.,2,0.9,0.995,,false,mid,,PENDING,
2026-06-29T18:44:28Z,RSO-0049,Iowa Senate Election Winner,Democrat,0.44,0.45,0.5,0.01,0.06,0.01,0.01,NO_SIGNAL,none,binary_clean|no_material_signal,no_signal,"Retain for calibration/base rate, not active disagreement.",2,0.9,0.995,,false,mid,,,
2026-06-29T18:44:28Z,RSO-0052,Michigan Governor Election Winner,Democrat,0.84,0.45,0.441176,-0.39,-0.398824,-0.398824,0.398824,MARKET_HIGHER,large,multi_option_market|large_gap|markout_pending,multi_option_interpretable_with_normalization,Use normalized or group-prompt estimate; compare against markouts.,3,1.02,1.0145,,true,mid,,PENDING,
2026-06-29T18:44:28Z,RSO-0053,Michigan Governor Election Winner,Republican,0.145,0.45,0.441176,0.305,0.296176,0.296176,0.296176,LLM_HIGHER,large,multi_option_market|large_gap|markout_pending,multi_option_interpretable_with_normalization,Use normalized or group-prompt estimate; compare against markouts.,3,1.02,1.0145,,true,mid,,PENDING,
2026-06-29T18:44:28Z,RSO-0054,Michigan Governor Election Winner,Independent,0.0295,0.12,0.117647,0.0905,0.088147,0.088147,0.088147,NO_SIGNAL,none,multi_option_market|no_material_signal,no_signal,"Retain for calibration/base rate, not active disagreement.",3,1.02,1.0145,,true,mid,,,
2026-06-29T18:44:28Z,RSO-0055,WA-04 House Election Winner,Republican Party,0.86,0.35,0.388889,-0.51,-0.471111,-0.51,0.51,MARKET_HIGHER,large,binary_clean|large_gap|markout_pending,clean_binary_disagreement,Track as high-priority disagreement candidate.,2,0.9,0.995,,false,mid,,PENDING,
2026-06-29T18:44:28Z,RSO-0056,WA-04 House Election Winner,Democratic Party,0.135,0.55,0.611111,0.415,0.476111,0.415,0.415,LLM_HIGHER,large,binary_clean|large_gap|markout_pending,clean_binary_disagreement,Track as high-priority disagreement candidate.,2,0.9,0.995,,false,mid,,PENDING,
2026-06-29T18:44:28Z,RSO-0057,NE-02 House Election Winner,Democratic Party,0.775,0.55,0.55,-0.225,-0.225,-0.225,0.225,MARKET_HIGHER,medium,binary_clean|markout_pending,standard_signal,Track normally.,2,1,1.01,,false,mid,,PENDING,
2026-06-29T18:44:28Z,RSO-0058,NE-02 House Election Winner,Republican Party,0.235,0.45,0.45,0.215,0.215,0.215,0.215,LLM_HIGHER,medium,binary_clean|markout_pending,standard_signal,Track normally.,2,1,1.01,,false,mid,,PENDING,
2026-06-29T18:44:28Z,RSO-0059,PA-10 House Election Winner,Democratic Party,0.685,0.55,0.55,-0.135,-0.135,-0.135,0.135,MARKET_HIGHER,small,binary_clean|markout_pending,standard_signal,Track normally.,2,1,0.955,,false,mid,,PENDING,
2026-06-29T18:44:28Z,RSO-0060,PA-10 House Election Winner,Republican Party,0.27,0.45,0.45,0.18,0.18,0.18,0.18,LLM_HIGHER,medium,binary_clean|markout_pending,standard_signal,Track normally.,2,1,0.955,,false,mid,,PENDING,
2026-06-29T18:44:28Z,RSO-0061,Ohio Governor Election Winner,Republican,0.5,0.45,0.5,-0.05,0,-0.05,0.05,NO_SIGNAL,none,binary_clean|no_material_signal,no_signal,"Retain for calibration/base rate, not active disagreement.",2,0.9,1.01,,false,mid,,,
2026-06-29T18:44:28Z,RSO-0062,Ohio Governor Election Winner,Democrat,0.51,0.45,0.5,-0.06,-0.01,-0.06,0.06,NO_SIGNAL,none,binary_clean|no_material_signal,no_signal,"Retain for calibration/base rate, not active disagreement.",2,0.9,1.01,,false,mid,,,
2026-06-29T18:44:28Z,RSO-0063,Georgia Governor Election Winner,Democrat,0.475,0.45,0.5,-0.025,0.025,-0.025,0.025,NO_SIGNAL,none,binary_clean|no_material_signal,no_signal,"Retain for calibration/base rate, not active disagreement.",2,0.9,0.98,,false,mid,,,
2026-06-29T18:44:28Z,RSO-0064,Georgia Governor Election Winner,Republican,0.505,0.45,0.5,-0.055,-0.005,-0.055,0.055,NO_SIGNAL,none,binary_clean|no_material_signal,no_signal,"Retain for calibration/base rate, not active disagreement.",2,0.9,0.98,,false,mid,,,
2026-06-29T18:44:28Z,RSO-0065,Nevada Governor Election Winner,Democrat,0.605,0.45,0.5,-0.155,-0.105,-0.155,0.155,MARKET_HIGHER,medium,binary_clean|markout_pending,standard_signal,Track normally.,2,0.9,1.005,,false,mid,,PENDING,
2026-06-29T18:44:28Z,RSO-0066,Nevada Governor Election Winner,Republican,0.4,0.45,0.5,0.05,0.1,0.05,0.05,NO_SIGNAL,none,binary_clean|no_material_signal|markout_pending,no_signal,"Retain for calibration/base rate, not active disagreement.",2,0.9,1.005,,false,mid,,PENDING,
2026-06-29T18:44:28Z,RSO-0067,NY-13 House Election Winner / Darializa Avila Chevalier proxy,Democratic Party,0.9415,0.85,0.944444,-0.0915,0.002944,-0.0915,0.0915,NO_SIGNAL,none,binary_clean|no_material_signal,no_signal,"Retain for calibration/base rate, not active disagreement.",2,0.9,0.964,,false,mid,,,
2026-06-29T18:44:28Z,RSO-0068,NY-13 House Election Winner / Darializa Avila Chevalier proxy,Republican Party,0.0225,0.05,0.055556,0.0275,0.033056,0.0275,0.0275,NO_SIGNAL,none,binary_clean|no_material_signal,no_signal,"Retain for calibration/base rate, not active disagreement.",2,0.9,0.964,,false,mid,,,
2026-06-29T18:44:28Z,RSO-0076,Brazil Presidential Election,Luiz Inácio Lula da Silva,0.565,0.55,0.495495,-0.015,-0.069505,-0.069505,0.069505,NO_SIGNAL,none,multi_option_market|no_material_signal,no_signal,"Retain for calibration/base rate, not active disagreement.",17,1.11,0.9915,,true,mid,,,
2026-06-29T18:44:28Z,RSO-0077,Brazil Presidential Election,Flávio Bolsonaro,0.2215,0.15,0.135135,-0.0715,-0.086365,-0.086365,0.086365,NO_SIGNAL,none,multi_option_market|no_material_signal,no_signal,"Retain for calibration/base rate, not active disagreement.",17,1.11,0.9915,,true,mid,,,
2026-06-29T18:44:28Z,RSO-0078,Brazil Presidential Election,Renan Santos,0.1155,0.05,0.045045,-0.0655,-0.070455,-0.070455,0.070455,NO_SIGNAL,none,multi_option_market|no_material_signal,no_signal,"Retain for calibration/base rate, not active disagreement.",17,1.11,0.9915,,true,mid,,,
2026-06-29T18:44:28Z,RSO-0079,Brazil Presidential Election,Michelle Bolsonaro,0.028,0.02,0.018018,-0.008,-0.009982,-0.009982,0.009982,NO_SIGNAL,none,multi_option_market|no_material_signal,no_signal,"Retain for calibration/base rate, not active disagreement.",17,1.11,0.9915,,true,mid,,,
2026-06-29T18:44:28Z,RSO-0080,Brazil Presidential Election,Ronaldo Caiado,0.0125,0.01,0.009009,-0.0025,-0.003491,-0.003491,0.003491,NO_SIGNAL,none,multi_option_market|no_material_signal,no_signal,"Retain for calibration/base rate, not active disagreement.",17,1.11,0.9915,,true,mid,,,
2026-06-29T18:44:28Z,RSO-0081,Brazil Presidential Election,Fernando Haddad,0.0105,0.02,0.018018,0.0095,0.007518,0.007518,0.007518,NO_SIGNAL,none,multi_option_market|no_material_signal,no_signal,"Retain for calibration/base rate, not active disagreement.",17,1.11,0.9915,,true,mid,,,
2026-06-29T18:44:28Z,RSO-0082,Brazil Presidential Election,Camilo Santana,0.0065,0.01,0.009009,0.0035,0.002509,0.002509,0.002509,NO_SIGNAL,none,multi_option_market|no_material_signal,no_signal,"Retain for calibration/base rate, not active disagreement.",17,1.11,0.9915,,true,mid,,,
2026-06-29T18:44:28Z,RSO-0083,Brazil Presidential Election,Romeu Zema,0.0115,0.02,0.018018,0.0085,0.006518,0.006518,0.006518,NO_SIGNAL,none,multi_option_market|no_material_signal,no_signal,"Retain for calibration/base rate, not active disagreement.",17,1.11,0.9915,,true,mid,,,
2026-06-29T18:44:28Z,RSO-0084,Brazil Presidential Election,Jair Bolsonaro,0.0055,0.15,0.135135,0.1445,0.129635,0.129635,0.129635,LLM_HIGHER,small,multi_option_market|markout_pending,multi_option_interpretable_with_normalization,Use normalized or group-prompt estimate; compare against markouts.,17,1.11,0.9915,,true,mid,,PENDING,
2026-06-29T18:44:28Z,RSO-0085,Brazil Presidential Election,Geraldo Alckmin,0.0045,0.05,0.045045,0.0455,0.040545,0.040545,0.040545,NO_SIGNAL,none,multi_option_market|no_material_signal,no_signal,"Retain for calibration/base rate, not active disagreement.",17,1.11,0.9915,,true,mid,,,
2026-06-29T18:44:28Z,RSO-0086,Brazil Presidential Election,Tereza Cristina,0.0025,0.01,0.009009,0.0075,0.006509,0.006509,0.006509,NO_SIGNAL,none,multi_option_market|no_material_signal,no_signal,"Retain for calibration/base rate, not active disagreement.",17,1.11,0.9915,,true,mid,,,
2026-06-29T18:44:28Z,RSO-0087,Brazil Presidential Election,Tarcisio de Freitas,0.0015,0.01,0.009009,0.0085,0.007509,0.007509,0.007509,NO_SIGNAL,none,multi_option_market|no_material_signal,no_signal,"Retain for calibration/base rate, not active disagreement.",17,1.11,0.9915,,true,mid,,,
2026-06-29T18:44:28Z,RSO-0088,Brazil Presidential Election,Eduardo Bolsonaro,0.0015,0.02,0.018018,0.0185,0.016518,0.016518,0.016518,NO_SIGNAL,none,multi_option_market|no_material_signal,no_signal,"Retain for calibration/base rate, not active disagreement.",17,1.11,0.9915,,true,mid,,,
2026-06-29T18:44:28Z,RSO-0089,Brazil Presidential Election,Aldo Rebelo,0.0015,0.01,0.009009,0.0085,0.007509,0.007509,0.007509,NO_SIGNAL,none,multi_option_market|no_material_signal,no_signal,"Retain for calibration/base rate, not active disagreement.",17,1.11,0.9915,,true,mid,,,
2026-06-29T18:44:28Z,RSO-0090,Brazil Presidential Election,Helder Barbalho,0.0015,0.01,0.009009,0.0085,0.007509,0.007509,0.007509,NO_SIGNAL,none,multi_option_market|no_material_signal,no_signal,"Retain for calibration/base rate, not active disagreement.",17,1.11,0.9915,,true,mid,,,
2026-06-29T18:44:28Z,RSO-0091,Brazil Presidential Election,Ratinho Júnior,0.001,0.01,0.009009,0.009,0.008009,0.008009,0.008009,NO_SIGNAL,none,ask_only_price|multi_option_market|no_material_signal,liquidity_caution,Keep but downweight; verify order book depth before interpreting.,17,1.11,0.9915,,true,ask_only,no_bids,,
2026-06-29T18:44:28Z,RSO-0092,Brazil Presidential Election,Eduardo Leite,0.001,0.01,0.009009,0.009,0.008009,0.008009,0.008009,NO_SIGNAL,none,ask_only_price|multi_option_market|no_material_signal,liquidity_caution,Keep but downweight; verify order book depth before interpreting.,17,1.11,0.9915,,true,ask_only,no_bids,,
2026-06-29T18:44:28Z,RSO-0094,Brazil Presidential Election First Round: Margin of Victory,Lula da Silva 10-15%,0.158,0.35,0.248227,0.192,0.090227,0.090227,0.090227,NO_SIGNAL,none,probability_mass_incoherence|multi_option_market|range_or_bucket_market|no_material_signal|markout_pending,use_group_prompt_or_normalized_only,Do not use raw row-by-row gap; use normalized/group-prompt estimate and log coherence failure.,9,1.41,0.9555,llm_mass_too_high,true,mid,,PENDING,
2026-06-29T18:44:28Z,RSO-0095,Brazil Presidential Election First Round: Margin of Victory,Lula da Silva 5-10%,0.375,0.35,0.248227,-0.025,-0.126773,-0.126773,0.126773,MARKET_HIGHER,small,probability_mass_incoherence|multi_option_market|range_or_bucket_market|markout_pending,use_group_prompt_or_normalized_only,Do not use raw row-by-row gap; use normalized/group-prompt estimate and log coherence failure.,9,1.41,0.9555,llm_mass_too_high,true,mid,,PENDING,
2026-06-29T18:44:28Z,RSO-0096,Brazil Presidential Election First Round: Margin of Victory,Lula da Silva <5%,0.29,0.15,0.106383,-0.14,-0.183617,-0.183617,0.183617,MARKET_HIGHER,medium,probability_mass_incoherence|multi_option_market|range_or_bucket_market|markout_pending,use_group_prompt_or_normalized_only,Do not use raw row-by-row gap; use normalized/group-prompt estimate and log coherence failure.,9,1.41,0.9555,llm_mass_too_high,true,mid,,PENDING,
2026-06-29T18:44:28Z,RSO-0098,Brazil Presidential Election First Round: Margin of Victory,Flávio Bolsonaro 5-10%,0.0035,0.15,0.106383,0.1465,0.102883,0.102883,0.102883,LLM_HIGHER,small,probability_mass_incoherence|multi_option_market|range_or_bucket_market|markout_pending,use_group_prompt_or_normalized_only,Do not use raw row-by-row gap; use normalized/group-prompt estimate and log coherence failure.,9,1.41,0.9555,llm_mass_too_high,true,mid,,PENDING,
2026-06-29T18:44:28Z,RSO-0099,Brazil Presidential Election First Round: Margin of Victory,Flávio Bolsonaro <5%,0.046,0.15,0.106383,0.104,0.060383,0.060383,0.060383,NO_SIGNAL,none,probability_mass_incoherence|multi_option_market|range_or_bucket_market|no_material_signal|markout_pending,use_group_prompt_or_normalized_only,Do not use raw row-by-row gap; use normalized/group-prompt estimate and log coherence failure.,9,1.41,0.9555,llm_mass_too_high,true,mid,,PENDING,
2026-06-29T18:44:28Z,RSO-0100,Brazil Presidential Election First Round: Margin of Victory,Renan Santos Victory,0.0425,0.05,0.035461,0.0075,-0.007039,-0.007039,0.007039,NO_SIGNAL,none,probability_mass_incoherence|multi_option_market|range_or_bucket_market|no_material_signal,use_group_prompt_or_normalized_only,Do not use raw row-by-row gap; use normalized/group-prompt estimate and log coherence failure.,9,1.41,0.9555,llm_mass_too_high,true,mid,,,
2026-06-29T18:44:28Z,RSO-0101,Brazil Presidential Election First Round: Margin of Victory,Tarcisio de Freitas Victory,0.003,0.01,0.007092,0.007,0.004092,0.004092,0.004092,NO_SIGNAL,none,probability_mass_incoherence|multi_option_market|range_or_bucket_market|no_material_signal,use_group_prompt_or_normalized_only,Do not use raw row-by-row gap; use normalized/group-prompt estimate and log coherence failure.,9,1.41,0.9555,llm_mass_too_high,true,mid,,,
2026-06-29T18:44:28Z,RSO-0102,Brazil Presidential Election First Round: Margin of Victory,Ratinho Júnior Victory,0.0025,0.05,0.035461,0.0475,0.032961,0.032961,0.032961,NO_SIGNAL,none,probability_mass_incoherence|multi_option_market|range_or_bucket_market|no_material_signal,use_group_prompt_or_normalized_only,Do not use raw row-by-row gap; use normalized/group-prompt estimate and log coherence failure.,9,1.41,0.9555,llm_mass_too_high,true,mid,,,
2026-06-29T18:44:28Z,RSO-0103,Brazil Presidential Election First Round: Margin of Victory,Other,0.035,0.15,0.106383,0.115,0.071383,0.071383,0.071383,NO_SIGNAL,none,probability_mass_incoherence|multi_option_market|range_or_bucket_market|no_material_signal|markout_pending,use_group_prompt_or_normalized_only,Do not use raw row-by-row gap; use normalized/group-prompt estimate and log coherence failure.,9,1.41,0.9555,llm_mass_too_high,true,mid,,PENDING,
2026-06-29T18:44:28Z,RSO-0121,Brazil Presidential Election First Round: 2nd Place,Flávio Bolsonaro,0.76,0.45,0.319149,-0.31,-0.440851,-0.440851,0.440851,MARKET_HIGHER,large,probability_mass_incoherence|multi_option_market|large_gap|markout_pending,use_group_prompt_or_normalized_only,Do not use raw row-by-row gap; use normalized/group-prompt estimate and log coherence failure.,17,1.41,0.9995,llm_mass_too_high,true,mid,,PENDING,
2026-06-29T18:44:28Z,RSO-0122,Brazil Presidential Election First Round: 2nd Place,Renan Santos,0.1205,0.15,0.106383,0.0295,-0.014117,-0.014117,0.014117,NO_SIGNAL,none,probability_mass_incoherence|multi_option_market|no_material_signal,use_group_prompt_or_normalized_only,Do not use raw row-by-row gap; use normalized/group-prompt estimate and log coherence failure.,17,1.41,0.9995,llm_mass_too_high,true,mid,,,
2026-06-29T18:44:28Z,RSO-0123,Brazil Presidential Election First Round: 2nd Place,Luiz Inácio Lula da Silva,0.0315,0.15,0.106383,0.1185,0.074883,0.074883,0.074883,NO_SIGNAL,none,probability_mass_incoherence|multi_option_market|no_material_signal|markout_pending,use_group_prompt_or_normalized_only,Do not use raw row-by-row gap; use normalized/group-prompt estimate and log coherence failure.,17,1.41,0.9995,llm_mass_too_high,true,mid,,PENDING,
2026-06-29T18:44:28Z,RSO-0124,Brazil Presidential Election First Round: 2nd Place,Romeu Zema,0.0145,0.05,0.035461,0.0355,0.020961,0.020961,0.020961,NO_SIGNAL,none,probability_mass_incoherence|multi_option_market|no_material_signal,use_group_prompt_or_normalized_only,Do not use raw row-by-row gap; use normalized/group-prompt estimate and log coherence failure.,17,1.41,0.9995,llm_mass_too_high,true,mid,,,
2026-06-29T18:44:28Z,RSO-0125,Brazil Presidential Election First Round: 2nd Place,Michelle Bolsonaro,0.0285,0.05,0.035461,0.0215,0.006961,0.006961,0.006961,NO_SIGNAL,none,probability_mass_incoherence|multi_option_market|no_material_signal,use_group_prompt_or_normalized_only,Do not use raw row-by-row gap; use normalized/group-prompt estimate and log coherence failure.,17,1.41,0.9995,llm_mass_too_high,true,mid,,,
2026-06-29T18:44:28Z,RSO-0126,Brazil Presidential Election First Round: 2nd Place,Fernando Haddad,0.0065,0.05,0.035461,0.0435,0.028961,0.028961,0.028961,NO_SIGNAL,none,probability_mass_incoherence|multi_option_market|no_material_signal,use_group_prompt_or_normalized_only,Do not use raw row-by-row gap; use normalized/group-prompt estimate and log coherence failure.,17,1.41,0.9995,llm_mass_too_high,true,mid,,,
2026-06-29T18:44:28Z,RSO-0127,Brazil Presidential Election First Round: 2nd Place,Camilo Santana,0.0075,0.05,0.035461,0.0425,0.027961,0.027961,0.027961,NO_SIGNAL,none,probability_mass_incoherence|multi_option_market|no_material_signal,use_group_prompt_or_normalized_only,Do not use raw row-by-row gap; use normalized/group-prompt estimate and log coherence failure.,17,1.41,0.9995,llm_mass_too_high,true,mid,,,
2026-06-29T18:44:28Z,RSO-0128,Brazil Presidential Election First Round: 2nd Place,Ronaldo Caiado,0.012,0.05,0.035461,0.038,0.023461,0.023461,0.023461,NO_SIGNAL,none,probability_mass_incoherence|multi_option_market|no_material_signal,use_group_prompt_or_normalized_only,Do not use raw row-by-row gap; use normalized/group-prompt estimate and log coherence failure.,17,1.41,0.9995,llm_mass_too_high,true,mid,,,
2026-06-29T18:44:28Z,RSO-0129,Brazil Presidential Election First Round: 2nd Place,Geraldo Alckmin,0.006,0.05,0.035461,0.044,0.029461,0.029461,0.029461,NO_SIGNAL,none,probability_mass_incoherence|multi_option_market|no_material_signal,use_group_prompt_or_normalized_only,Do not use raw row-by-row gap; use normalized/group-prompt estimate and log coherence failure.,17,1.41,0.9995,llm_mass_too_high,true,mid,,,
2026-06-29T18:44:28Z,RSO-0130,Brazil Presidential Election First Round: 2nd Place,Tereza Cristina,0.0015,0.05,0.035461,0.0485,0.033961,0.033961,0.033961,NO_SIGNAL,none,probability_mass_incoherence|multi_option_market|no_material_signal,use_group_prompt_or_normalized_only,Do not use raw row-by-row gap; use normalized/group-prompt estimate and log coherence failure.,17,1.41,0.9995,llm_mass_too_high,true,mid,,,
2026-06-29T18:44:28Z,RSO-0131,Brazil Presidential Election First Round: 2nd Place,Jair Bolsonaro,0.0025,0.01,0.007092,0.0075,0.004592,0.004592,0.004592,NO_SIGNAL,none,probability_mass_incoherence|multi_option_market|no_material_signal,use_group_prompt_or_normalized_only,Do not use raw row-by-row gap; use normalized/group-prompt estimate and log coherence failure.,17,1.41,0.9995,llm_mass_too_high,true,mid,,,
2026-06-29T18:44:28Z,RSO-0132,Brazil Presidential Election First Round: 2nd Place,Ratinho Júnior,0.0015,0.05,0.035461,0.0485,0.033961,0.033961,0.033961,NO_SIGNAL,none,probability_mass_incoherence|multi_option_market|no_material_signal,use_group_prompt_or_normalized_only,Do not use raw row-by-row gap; use normalized/group-prompt estimate and log coherence failure.,17,1.41,0.9995,llm_mass_too_high,true,mid,,,
2026-06-29T18:44:28Z,RSO-0133,Brazil Presidential Election First Round: 2nd Place,Eduardo Bolsonaro,0.0015,0.05,0.035461,0.0485,0.033961,0.033961,0.033961,NO_SIGNAL,none,probability_mass_incoherence|multi_option_market|no_material_signal,use_group_prompt_or_normalized_only,Do not use raw row-by-row gap; use normalized/group-prompt estimate and log coherence failure.,17,1.41,0.9995,llm_mass_too_high,true,mid,,,
2026-06-29T18:44:28Z,RSO-0134,Brazil Presidential Election First Round: 2nd Place,Aldo Rebelo,0.0015,0.05,0.035461,0.0485,0.033961,0.033961,0.033961,NO_SIGNAL,none,probability_mass_incoherence|multi_option_market|no_material_signal,use_group_prompt_or_normalized_only,Do not use raw row-by-row gap; use normalized/group-prompt estimate and log coherence failure.,17,1.41,0.9995,llm_mass_too_high,true,mid,,,
2026-06-29T18:44:28Z,RSO-0135,Brazil Presidential Election First Round: 2nd Place,Tarcisio de Freitas,0.0015,0.05,0.035461,0.0485,0.033961,0.033961,0.033961,NO_SIGNAL,none,probability_mass_incoherence|multi_option_market|no_material_signal,use_group_prompt_or_normalized_only,Do not use raw row-by-row gap; use normalized/group-prompt estimate and log coherence failure.,17,1.41,0.9995,llm_mass_too_high,true,mid,,,
2026-06-29T18:44:28Z,RSO-0136,Brazil Presidential Election First Round: 2nd Place,Eduardo Leite,0.0015,0.05,0.035461,0.0485,0.033961,0.033961,0.033961,NO_SIGNAL,none,probability_mass_incoherence|multi_option_market|no_material_signal,use_group_prompt_or_normalized_only,Do not use raw row-by-row gap; use normalized/group-prompt estimate and log coherence failure.,17,1.41,0.9995,llm_mass_too_high,true,mid,,,
2026-06-29T18:44:28Z,RSO-0137,Brazil Presidential Election First Round: 2nd Place,Helder Barbalho,0.001,0.05,0.035461,0.049,0.034461,0.034461,0.034461,NO_SIGNAL,none,probability_mass_incoherence|ask_only_price|multi_option_market|no_material_signal,use_group_prompt_or_normalized_only,Do not use raw row-by-row gap; use normalized/group-prompt estimate and log coherence failure.,17,1.41,0.9995,llm_mass_too_high,true,ask_only,no_bids,,
2026-06-29T18:44:28Z,RSO-0138,Brazil Presidential Election First Round: 3rd Place,Renan Santos,0.5,0.15,0.076531,-0.35,-0.423469,-0.423469,0.423469,MARKET_HIGHER,large,probability_mass_incoherence|multi_option_market|large_gap|markout_pending,use_group_prompt_or_normalized_only,Do not use raw row-by-row gap; use normalized/group-prompt estimate and log coherence failure.,17,1.96,0.957,llm_mass_too_high,true,mid,,PENDING,
2026-06-29T18:44:28Z,RSO-0139,Brazil Presidential Election First Round: 3rd Place,Ronaldo Caiado,0.16,0.15,0.076531,-0.01,-0.083469,-0.083469,0.083469,NO_SIGNAL,none,probability_mass_incoherence|multi_option_market|no_material_signal,use_group_prompt_or_normalized_only,Do not use raw row-by-row gap; use normalized/group-prompt estimate and log coherence failure.,17,1.96,0.957,llm_mass_too_high,true,mid,,,
2026-06-29T18:44:28Z,RSO-0140,Brazil Presidential Election First Round: 3rd Place,Romeu Zema,0.13,0.15,0.076531,0.02,-0.053469,-0.053469,0.053469,NO_SIGNAL,none,probability_mass_incoherence|multi_option_market|no_material_signal,use_group_prompt_or_normalized_only,Do not use raw row-by-row gap; use normalized/group-prompt estimate and log coherence failure.,17,1.96,0.957,llm_mass_too_high,true,mid,,,
2026-06-29T18:44:28Z,RSO-0141,Brazil Presidential Election First Round: 3rd Place,Flávio Bolsonaro,0.0915,0.25,0.127551,0.1585,0.036051,0.036051,0.036051,NO_SIGNAL,none,probability_mass_incoherence|multi_option_market|no_material_signal|markout_pending,use_group_prompt_or_normalized_only,Do not use raw row-by-row gap; use normalized/group-prompt estimate and log coherence failure.,17,1.96,0.957,llm_mass_too_high,true,mid,,PENDING,
2026-06-29T18:44:28Z,RSO-0142,Brazil Presidential Election First Round: 3rd Place,Fernando Haddad,0.0205,0.15,0.076531,0.1295,0.056031,0.056031,0.056031,NO_SIGNAL,none,probability_mass_incoherence|multi_option_market|no_material_signal|markout_pending,use_group_prompt_or_normalized_only,Do not use raw row-by-row gap; use normalized/group-prompt estimate and log coherence failure.,17,1.96,0.957,llm_mass_too_high,true,mid,,PENDING,
2026-06-29T18:44:28Z,RSO-0143,Brazil Presidential Election First Round: 3rd Place,Michelle Bolsonaro,0.0095,0.12,0.061224,0.1105,0.051724,0.051724,0.051724,NO_SIGNAL,none,probability_mass_incoherence|multi_option_market|no_material_signal|markout_pending,use_group_prompt_or_normalized_only,Do not use raw row-by-row gap; use normalized/group-prompt estimate and log coherence failure.,17,1.96,0.957,llm_mass_too_high,true,mid,,PENDING,
2026-06-29T18:44:28Z,RSO-0144,Brazil Presidential Election First Round: 3rd Place,Luiz Inácio Lula da Silva,0.0095,0.15,0.076531,0.1405,0.067031,0.067031,0.067031,NO_SIGNAL,none,probability_mass_incoherence|multi_option_market|no_material_signal|markout_pending,use_group_prompt_or_normalized_only,Do not use raw row-by-row gap; use normalized/group-prompt estimate and log coherence failure.,17,1.96,0.957,llm_mass_too_high,true,mid,,PENDING,
2026-06-29T18:44:28Z,RSO-0145,Brazil Presidential Election First Round: 3rd Place,Camilo Santana,0.014,0.05,0.02551,0.036,0.01151,0.01151,0.01151,NO_SIGNAL,none,probability_mass_incoherence|multi_option_market|no_material_signal,use_group_prompt_or_normalized_only,Do not use raw row-by-row gap; use normalized/group-prompt estimate and log coherence failure.,17,1.96,0.957,llm_mass_too_high,true,mid,,,
2026-06-29T18:44:28Z,RSO-0146,Brazil Presidential Election First Round: 3rd Place,Eduardo Bolsonaro,0.0045,0.15,0.076531,0.1455,0.072031,0.072031,0.072031,NO_SIGNAL,none,probability_mass_incoherence|multi_option_market|no_material_signal|markout_pending,use_group_prompt_or_normalized_only,Do not use raw row-by-row gap; use normalized/group-prompt estimate and log coherence failure.,17,1.96,0.957,llm_mass_too_high,true,mid,,PENDING,
2026-06-29T18:44:28Z,RSO-0147,Brazil Presidential Election First Round: 3rd Place,Aldo Rebelo,0.0025,0.05,0.02551,0.0475,0.02301,0.02301,0.02301,NO_SIGNAL,none,probability_mass_incoherence|multi_option_market|no_material_signal,use_group_prompt_or_normalized_only,Do not use raw row-by-row gap; use normalized/group-prompt estimate and log coherence failure.,17,1.96,0.957,llm_mass_too_high,true,mid,,,
2026-06-29T18:44:28Z,RSO-0148,Brazil Presidential Election First Round: 3rd Place,Tarcisio de Freitas,0.0025,0.12,0.061224,0.1175,0.058724,0.058724,0.058724,NO_SIGNAL,none,probability_mass_incoherence|multi_option_market|no_material_signal|markout_pending,use_group_prompt_or_normalized_only,Do not use raw row-by-row gap; use normalized/group-prompt estimate and log coherence failure.,17,1.96,0.957,llm_mass_too_high,true,mid,,PENDING,
2026-06-29T18:44:28Z,RSO-0149,Brazil Presidential Election First Round: 3rd Place,Jair Bolsonaro,0.0025,0.05,0.02551,0.0475,0.02301,0.02301,0.02301,NO_SIGNAL,none,probability_mass_incoherence|multi_option_market|no_material_signal,use_group_prompt_or_normalized_only,Do not use raw row-by-row gap; use normalized/group-prompt estimate and log coherence failure.,17,1.96,0.957,llm_mass_too_high,true,mid,,,
2026-06-29T18:44:28Z,RSO-0150,Brazil Presidential Election First Round: 3rd Place,Ratinho Júnior,0.0025,0.05,0.02551,0.0475,0.02301,0.02301,0.02301,NO_SIGNAL,none,probability_mass_incoherence|multi_option_market|no_material_signal,use_group_prompt_or_normalized_only,Do not use raw row-by-row gap; use normalized/group-prompt estimate and log coherence failure.,17,1.96,0.957,llm_mass_too_high,true,mid,,,
2026-06-29T18:44:28Z,RSO-0151,Brazil Presidential Election First Round: 3rd Place,Geraldo Alckmin,0.0025,0.15,0.076531,0.1475,0.074031,0.074031,0.074031,NO_SIGNAL,none,probability_mass_incoherence|multi_option_market|no_material_signal|markout_pending,use_group_prompt_or_normalized_only,Do not use raw row-by-row gap; use normalized/group-prompt estimate and log coherence failure.,17,1.96,0.957,llm_mass_too_high,true,mid,,PENDING,
2026-06-29T18:44:28Z,RSO-0152,Brazil Presidential Election First Round: 3rd Place,Tereza Cristina,0.002,0.05,0.02551,0.048,0.02351,0.02351,0.02351,NO_SIGNAL,none,probability_mass_incoherence|multi_option_market|no_material_signal,use_group_prompt_or_normalized_only,Do not use raw row-by-row gap; use normalized/group-prompt estimate and log coherence failure.,17,1.96,0.957,llm_mass_too_high,true,mid,,,
2026-06-29T18:44:28Z,RSO-0153,Brazil Presidential Election First Round: 3rd Place,Eduardo Leite,0.0015,0.12,0.061224,0.1185,0.059724,0.059724,0.059724,NO_SIGNAL,none,probability_mass_incoherence|multi_option_market|no_material_signal|markout_pending,use_group_prompt_or_normalized_only,Do not use raw row-by-row gap; use normalized/group-prompt estimate and log coherence failure.,17,1.96,0.957,llm_mass_too_high,true,mid,,PENDING,
2026-06-29T18:44:28Z,RSO-0154,Brazil Presidential Election First Round: 3rd Place,Helder Barbalho,0.0015,0.05,0.02551,0.0485,0.02401,0.02401,0.02401,NO_SIGNAL,none,probability_mass_incoherence|multi_option_market|no_material_signal,use_group_prompt_or_normalized_only,Do not use raw row-by-row gap; use normalized/group-prompt estimate and log coherence failure.,17,1.96,0.957,llm_mass_too_high,true,mid,,,
2026-06-29T18:44:28Z,RSO-0160,Next Prime Minister of Sweden,Magdalena Andersson,0.735,0.45,0.48913,-0.285,-0.24587,-0.24587,0.24587,MARKET_HIGHER,medium,multi_option_market|markout_pending,multi_option_interpretable_with_normalization,Use normalized or group-prompt estimate; compare against markouts.,10,0.92,0.982,,true,mid,,PENDING,
2026-06-29T18:44:28Z,RSO-0161,Next Prime Minister of Sweden,Ulf Kristersson,0.215,0.15,0.163043,-0.065,-0.051957,-0.051957,0.051957,NO_SIGNAL,none,multi_option_market|no_material_signal,no_signal,"Retain for calibration/base rate, not active disagreement.",10,0.92,0.982,,true,mid,,,
2026-06-29T18:44:28Z,RSO-0162,Next Prime Minister of Sweden,Jimmie Åkesson,0.0185,0.15,0.163043,0.1315,0.144543,0.144543,0.144543,LLM_HIGHER,small,multi_option_market|markout_pending,multi_option_interpretable_with_normalization,Use normalized or group-prompt estimate; compare against markouts.,10,0.92,0.982,,true,mid,,PENDING,
2026-06-29T18:44:28Z,RSO-0163,Next Prime Minister of Sweden,Ebba Busch,0.0035,0.05,0.054348,0.0465,0.050848,0.050848,0.050848,NO_SIGNAL,none,multi_option_market|no_material_signal,no_signal,"Retain for calibration/base rate, not active disagreement.",10,0.92,0.982,,true,mid,,,
2026-06-29T18:44:28Z,RSO-0164,Next Prime Minister of Sweden,Anna-Karin Hatt,0.0025,0.02,0.021739,0.0175,0.019239,0.019239,0.019239,NO_SIGNAL,none,multi_option_market|no_material_signal,no_signal,"Retain for calibration/base rate, not active disagreement.",10,0.92,0.982,,true,mid,,,
2026-06-29T18:44:28Z,RSO-0165,Next Prime Minister of Sweden,Nooshi Dadgostar,0.0015,0.01,0.01087,0.0085,0.00937,0.00937,0.00937,NO_SIGNAL,none,multi_option_market|no_material_signal,no_signal,"Retain for calibration/base rate, not active disagreement.",10,0.92,0.982,,true,mid,,,
2026-06-29T18:44:28Z,RSO-0166,Next Prime Minister of Sweden,Amanda Lind,0.0015,0.05,0.054348,0.0485,0.052848,0.052848,0.052848,NO_SIGNAL,none,multi_option_market|no_material_signal,no_signal,"Retain for calibration/base rate, not active disagreement.",10,0.92,0.982,,true,mid,,,
2026-06-29T18:44:28Z,RSO-0167,Next Prime Minister of Sweden,Simona Mohamsson,0.0015,0.01,0.01087,0.0085,0.00937,0.00937,0.00937,NO_SIGNAL,none,multi_option_market|no_material_signal,no_signal,"Retain for calibration/base rate, not active disagreement.",10,0.92,0.982,,true,mid,,,
2026-06-29T18:44:28Z,RSO-0168,Next Prime Minister of Sweden,Daniel Helldén,0.0015,0.01,0.01087,0.0085,0.00937,0.00937,0.00937,NO_SIGNAL,none,multi_option_market|no_material_signal,no_signal,"Retain for calibration/base rate, not active disagreement.",10,0.92,0.982,,true,mid,,,
2026-06-29T18:44:28Z,RSO-0169,Next Prime Minister of Sweden,Elisabeth Thand Ringqvist,0.0015,0.02,0.021739,0.0185,0.020239,0.020239,0.020239,NO_SIGNAL,none,multi_option_market|no_material_signal,no_signal,"Retain for calibration/base rate, not active disagreement.",10,0.92,0.982,,true,mid,,,
2026-06-29T18:44:28Z,RSO-0170,Sweden Parliamentary Election Winner,Swedish Social Democratic Party (S),0.945,0.45,0.584416,-0.495,-0.360584,-0.360584,0.360584,MARKET_HIGHER,large,multi_option_market|large_gap|markout_pending,multi_option_interpretable_with_normalization,Use normalized or group-prompt estimate; compare against markouts.,4,0.77,0.988,,true,mid,,PENDING,
2026-06-29T18:44:28Z,RSO-0171,Sweden Parliamentary Election Winner,Sweden Democrats (SD),0.032,0.15,0.194805,0.118,0.162805,0.162805,0.162805,LLM_HIGHER,medium,multi_option_market|markout_pending,multi_option_interpretable_with_normalization,Use normalized or group-prompt estimate; compare against markouts.,4,0.77,0.988,,true,mid,,PENDING,
2026-06-29T18:44:28Z,RSO-0172,Sweden Parliamentary Election Winner,Green Party (MP),0.007,0.12,0.155844,0.113,0.148844,0.148844,0.148844,LLM_HIGHER,small,multi_option_market|markout_pending,multi_option_interpretable_with_normalization,Use normalized or group-prompt estimate; compare against markouts.,4,0.77,0.988,,true,mid,,PENDING,
2026-06-29T18:44:28Z,RSO-0173,Sweden Parliamentary Election Winner,Christian Democrats (KD),0.004,0.05,0.064935,0.046,0.060935,0.060935,0.060935,NO_SIGNAL,none,multi_option_market|no_material_signal,no_signal,"Retain for calibration/base rate, not active disagreement.",4,0.77,0.988,,true,mid,,,
2026-06-29T18:44:28Z,RSO-0181,Quebec General Election Winner,PQ,0.625,0.35,0.327103,-0.275,-0.297897,-0.297897,0.297897,MARKET_HIGHER,large,multi_option_market|large_gap|markout_pending,multi_option_interpretable_with_normalization,Use normalized or group-prompt estimate; compare against markouts.,6,1.07,1.022,,true,mid,,PENDING,
2026-06-29T18:44:28Z,RSO-0182,Quebec General Election Winner,PLQ,0.175,0.35,0.327103,0.175,0.152103,0.152103,0.152103,LLM_HIGHER,medium,multi_option_market|markout_pending,multi_option_interpretable_with_normalization,Use normalized or group-prompt estimate; compare against markouts.,6,1.07,1.022,,true,mid,,PENDING,
2026-06-29T18:44:28Z,RSO-0183,Quebec General Election Winner,CAQ,0.215,0.15,0.140187,-0.065,-0.074813,-0.074813,0.074813,NO_SIGNAL,none,multi_option_market|no_material_signal,no_signal,"Retain for calibration/base rate, not active disagreement.",6,1.07,1.022,,true,mid,,,
2026-06-29T18:44:28Z,RSO-0184,Quebec General Election Winner,PCQ,0.0025,0.12,0.11215,0.1175,0.10965,0.10965,0.10965,LLM_HIGHER,small,multi_option_market|markout_pending,multi_option_interpretable_with_normalization,Use normalized or group-prompt estimate; compare against markouts.,6,1.07,1.022,,true,mid,,PENDING,
2026-06-29T18:44:28Z,RSO-0185,Quebec General Election Winner,QS,0.0025,0.05,0.046729,0.0475,0.044229,0.044229,0.044229,NO_SIGNAL,none,multi_option_market|no_material_signal,no_signal,"Retain for calibration/base rate, not active disagreement.",6,1.07,1.022,,true,mid,,,
2026-06-29T18:44:28Z,RSO-0186,Quebec General Election Winner,PVQ,0.002,0.05,0.046729,0.048,0.044729,0.044729,0.044729,NO_SIGNAL,none,multi_option_market|no_material_signal,no_signal,"Retain for calibration/base rate, not active disagreement.",6,1.07,1.022,,true,mid,,,
2026-06-29T18:44:28Z,RSO-0195,Vancouver Mayoral Election Winner,Kareem Allam,0.505,0.12,0.146341,-0.385,-0.358659,-0.358659,0.358659,MARKET_HIGHER,large,multi_option_market|large_gap|markout_pending,multi_option_interpretable_with_normalization,Use normalized or group-prompt estimate; compare against markouts.,12,0.82,0.978,,true,mid,,PENDING,
2026-06-29T18:44:28Z,RSO-0196,Vancouver Mayoral Election Winner,Ken Sim,0.285,0.35,0.426829,0.065,0.141829,0.141829,0.141829,LLM_HIGHER,small,multi_option_market|markout_pending,multi_option_interpretable_with_normalization,Use normalized or group-prompt estimate; compare against markouts.,12,0.82,0.978,,true,mid,,PENDING,
2026-06-29T18:44:28Z,RSO-0197,Vancouver Mayoral Election Winner,Pete Fry,0.1,0.05,0.060976,-0.05,-0.039024,-0.039024,0.039024,NO_SIGNAL,none,multi_option_market|no_material_signal,no_signal,"Retain for calibration/base rate, not active disagreement.",12,0.82,0.978,,true,mid,,,
2026-06-29T18:44:28Z,RSO-0198,Vancouver Mayoral Election Winner,William Azaroff,0.0465,0.05,0.060976,0.0035,0.014476,0.014476,0.014476,NO_SIGNAL,none,multi_option_market|no_material_signal,no_signal,"Retain for calibration/base rate, not active disagreement.",12,0.82,0.978,,true,mid,,,
2026-06-29T18:44:28Z,RSO-0199,Vancouver Mayoral Election Winner,Colleen Hardwick,0.009,0.05,0.060976,0.041,0.051976,0.051976,0.051976,NO_SIGNAL,none,multi_option_market|no_material_signal,no_signal,"Retain for calibration/base rate, not active disagreement.",12,0.82,0.978,,true,mid,,,
2026-06-29T18:44:28Z,RSO-0200,Vancouver Mayoral Election Winner,John Coupar,0.009,0.02,0.02439,0.011,0.01539,0.01539,0.01539,NO_SIGNAL,none,multi_option_market|no_material_signal,no_signal,"Retain for calibration/base rate, not active disagreement.",12,0.82,0.978,,true,mid,,,
2026-06-29T18:44:28Z,RSO-0201,Vancouver Mayoral Election Winner,Rebecca Bligh,0.005,0.05,0.060976,0.045,0.055976,0.055976,0.055976,NO_SIGNAL,none,multi_option_market|no_material_signal,no_signal,"Retain for calibration/base rate, not active disagreement.",12,0.82,0.978,,true,mid,,,
2026-06-29T18:44:28Z,RSO-0202,Vancouver Mayoral Election Winner,Sean Orr,0.0045,0.02,0.02439,0.0155,0.01989,0.01989,0.01989,NO_SIGNAL,none,multi_option_market|no_material_signal,no_signal,"Retain for calibration/base rate, not active disagreement.",12,0.82,0.978,,true,mid,,,
2026-06-29T18:44:28Z,RSO-0203,Vancouver Mayoral Election Winner,Amanda Burrows,0.0025,0.05,0.060976,0.0475,0.058476,0.058476,0.058476,NO_SIGNAL,none,multi_option_market|no_material_signal,no_signal,"Retain for calibration/base rate, not active disagreement.",12,0.82,0.978,,true,mid,,,
2026-06-29T18:44:28Z,RSO-0204,Vancouver Mayoral Election Winner,Tim Louis,0.003,0.02,0.02439,0.017,0.02139,0.02139,0.02139,NO_SIGNAL,none,multi_option_market|no_material_signal,no_signal,"Retain for calibration/base rate, not active disagreement.",12,0.82,0.978,,true,mid,,,
2026-06-29T18:44:28Z,RSO-0205,Vancouver Mayoral Election Winner,Fred Harding,0.0025,0.02,0.02439,0.0175,0.02189,0.02189,0.02189,NO_SIGNAL,none,multi_option_market|no_material_signal,no_signal,"Retain for calibration/base rate, not active disagreement.",12,0.82,0.978,,true,mid,,,
2026-06-29T18:44:28Z,RSO-0206,Vancouver Mayoral Election Winner,Kirk LaPointe,0.006,0.02,0.02439,0.014,0.01839,0.01839,0.01839,NO_SIGNAL,none,multi_option_market|no_material_signal,no_signal,"Retain for calibration/base rate, not active disagreement.",12,0.82,0.978,,true,mid,,,
2026-06-29T18:44:28Z,RSO-0207,Next Prime Minister of Israel after next election,Gadi Eizenkot,0.416,0.15,0.09434,-0.266,-0.32166,-0.32166,0.32166,MARKET_HIGHER,large,probability_mass_incoherence|multi_option_market|large_gap|markout_pending,use_group_prompt_or_normalized_only,Do not use raw row-by-row gap; use normalized/group-prompt estimate and log coherence failure.,18,1.59,0.9805,llm_mass_too_high,true,mid,,PENDING,
2026-06-29T18:44:28Z,RSO-0208,Next Prime Minister of Israel after next election,Benjamin Netanyahu,0.335,0.45,0.283019,0.115,-0.051981,-0.051981,0.051981,NO_SIGNAL,none,probability_mass_incoherence|multi_option_market|no_material_signal|markout_pending,use_group_prompt_or_normalized_only,Do not use raw row-by-row gap; use normalized/group-prompt estimate and log coherence failure.,18,1.59,0.9805,llm_mass_too_high,true,mid,,PENDING,
2026-06-29T18:44:28Z,RSO-0209,Next Prime Minister of Israel after next election,Naftali Bennett,0.125,0.15,0.09434,0.025,-0.03066,-0.03066,0.03066,NO_SIGNAL,none,probability_mass_incoherence|multi_option_market|no_material_signal,use_group_prompt_or_normalized_only,Do not use raw row-by-row gap; use normalized/group-prompt estimate and log coherence failure.,18,1.59,0.9805,llm_mass_too_high,true,mid,,,
2026-06-29T18:44:28Z,RSO-0210,Next Prime Minister of Israel after next election,Avigdor Lieberman,0.037,0.05,0.031447,0.013,-0.005553,-0.005553,0.005553,NO_SIGNAL,none,probability_mass_incoherence|multi_option_market|no_material_signal,use_group_prompt_or_normalized_only,Do not use raw row-by-row gap; use normalized/group-prompt estimate and log coherence failure.,18,1.59,0.9805,llm_mass_too_high,true,mid,,,
2026-06-29T18:44:28Z,RSO-0211,Next Prime Minister of Israel after next election,Itamar Ben Gvir,0.0115,0.05,0.031447,0.0385,0.019947,0.019947,0.019947,NO_SIGNAL,none,probability_mass_incoherence|multi_option_market|no_material_signal,use_group_prompt_or_normalized_only,Do not use raw row-by-row gap; use normalized/group-prompt estimate and log coherence failure.,18,1.59,0.9805,llm_mass_too_high,true,mid,,,
2026-06-29T18:44:28Z,RSO-0212,Next Prime Minister of Israel after next election,Benny Gantz,0.0045,0.15,0.09434,0.1455,0.08984,0.08984,0.08984,NO_SIGNAL,none,probability_mass_incoherence|multi_option_market|no_material_signal|markout_pending,use_group_prompt_or_normalized_only,Do not use raw row-by-row gap; use normalized/group-prompt estimate and log coherence failure.,18,1.59,0.9805,llm_mass_too_high,true,mid,,PENDING,
2026-06-29T18:44:28Z,RSO-0213,Next Prime Minister of Israel after next election,Gilad Erdan,0.0065,0.05,0.031447,0.0435,0.024947,0.024947,0.024947,NO_SIGNAL,none,probability_mass_incoherence|multi_option_market|no_material_signal,use_group_prompt_or_normalized_only,Do not use raw row-by-row gap; use normalized/group-prompt estimate and log coherence failure.,18,1.59,0.9805,llm_mass_too_high,true,mid,,,
2026-06-29T18:44:28Z,RSO-0214,Next Prime Minister of Israel after next election,Yariv Levin,0.0045,0.05,0.031447,0.0455,0.026947,0.026947,0.026947,NO_SIGNAL,none,probability_mass_incoherence|multi_option_market|no_material_signal,use_group_prompt_or_normalized_only,Do not use raw row-by-row gap; use normalized/group-prompt estimate and log coherence failure.,18,1.59,0.9805,llm_mass_too_high,true,mid,,,
2026-06-29T18:44:28Z,RSO-0215,Next Prime Minister of Israel after next election,Israel Katz,0.0045,0.05,0.031447,0.0455,0.026947,0.026947,0.026947,NO_SIGNAL,none,probability_mass_incoherence|multi_option_market|no_material_signal,use_group_prompt_or_normalized_only,Do not use raw row-by-row gap; use normalized/group-prompt estimate and log coherence failure.,18,1.59,0.9805,llm_mass_too_high,true,mid,,,
2026-06-29T18:44:28Z,RSO-0216,Next Prime Minister of Israel after next election,Amir Ohana,0.0045,0.05,0.031447,0.0455,0.026947,0.026947,0.026947,NO_SIGNAL,none,probability_mass_incoherence|multi_option_market|no_material_signal,use_group_prompt_or_normalized_only,Do not use raw row-by-row gap; use normalized/group-prompt estimate and log coherence failure.,18,1.59,0.9805,llm_mass_too_high,true,mid,,,
2026-06-29T18:44:28Z,RSO-0217,Next Prime Minister of Israel after next election,Gideon Sa’ar,0.0045,0.05,0.031447,0.0455,0.026947,0.026947,0.026947,NO_SIGNAL,none,probability_mass_incoherence|multi_option_market|no_material_signal,use_group_prompt_or_normalized_only,Do not use raw row-by-row gap; use normalized/group-prompt estimate and log coherence failure.,18,1.59,0.9805,llm_mass_too_high,true,mid,,,
2026-06-29T18:44:28Z,RSO-0218,Next Prime Minister of Israel after next election,Yoaz Hendel,0.0055,0.05,0.031447,0.0445,0.025947,0.025947,0.025947,NO_SIGNAL,none,probability_mass_incoherence|multi_option_market|no_material_signal,use_group_prompt_or_normalized_only,Do not use raw row-by-row gap; use normalized/group-prompt estimate and log coherence failure.,18,1.59,0.9805,llm_mass_too_high,true,mid,,,
2026-06-29T18:44:28Z,RSO-0219,Next Prime Minister of Israel after next election,Yair Lapid,0.0075,0.15,0.09434,0.1425,0.08684,0.08684,0.08684,NO_SIGNAL,none,probability_mass_incoherence|multi_option_market|no_material_signal|markout_pending,use_group_prompt_or_normalized_only,Do not use raw row-by-row gap; use normalized/group-prompt estimate and log coherence failure.,18,1.59,0.9805,llm_mass_too_high,true,mid,,PENDING,
2026-06-29T18:44:28Z,RSO-0220,Next Prime Minister of Israel after next election,Yossi Cohen,0.004,0.02,0.012579,0.016,0.008579,0.008579,0.008579,NO_SIGNAL,none,probability_mass_incoherence|multi_option_market|no_material_signal,use_group_prompt_or_normalized_only,Do not use raw row-by-row gap; use normalized/group-prompt estimate and log coherence failure.,18,1.59,0.9805,llm_mass_too_high,true,mid,,,
2026-06-29T18:44:28Z,RSO-0221,Next Prime Minister of Israel after next election,Yair Golan,0.0035,0.05,0.031447,0.0465,0.027947,0.027947,0.027947,NO_SIGNAL,none,probability_mass_incoherence|multi_option_market|no_material_signal,use_group_prompt_or_normalized_only,Do not use raw row-by-row gap; use normalized/group-prompt estimate and log coherence failure.,18,1.59,0.9805,llm_mass_too_high,true,mid,,,
2026-06-29T18:44:28Z,RSO-0222,Next Prime Minister of Israel after next election,Nir Barkat,0.0025,0.01,0.006289,0.0075,0.003789,0.003789,0.003789,NO_SIGNAL,none,probability_mass_incoherence|multi_option_market|no_material_signal,use_group_prompt_or_normalized_only,Do not use raw row-by-row gap; use normalized/group-prompt estimate and log coherence failure.,18,1.59,0.9805,llm_mass_too_high,true,mid,,,
2026-06-29T18:44:28Z,RSO-0223,Next Prime Minister of Israel after next election,Ayelet Shaked,0.0015,0.05,0.031447,0.0485,0.029947,0.029947,0.029947,NO_SIGNAL,none,probability_mass_incoherence|multi_option_market|no_material_signal,use_group_prompt_or_normalized_only,Do not use raw row-by-row gap; use normalized/group-prompt estimate and log coherence failure.,18,1.59,0.9805,llm_mass_too_high,true,mid,,,
2026-06-29T18:44:28Z,RSO-0224,Next Prime Minister of Israel after next election,Moshe Feiglin,0.0025,0.01,0.006289,0.0075,0.003789,0.003789,0.003789,NO_SIGNAL,none,probability_mass_incoherence|multi_option_market|no_material_signal,use_group_prompt_or_normalized_only,Do not use raw row-by-row gap; use normalized/group-prompt estimate and log coherence failure.,18,1.59,0.9805,llm_mass_too_high,true,mid,,,
2026-06-29T18:44:28Z,RSO-0225,Israeli Legislative Election Winner,Likud,0.37,0.35,0.388889,-0.02,0.018889,0.018889,0.018889,NO_SIGNAL,none,multi_option_market|no_material_signal,no_signal,"Retain for calibration/base rate, not active disagreement.",6,0.9,1.013,,true,mid,,,
2026-06-29T18:44:28Z,RSO-0226,Israeli Legislative Election Winner,Yashar,0.365,0.25,0.277778,-0.115,-0.087222,-0.087222,0.087222,NO_SIGNAL,none,multi_option_market|no_material_signal|markout_pending,no_signal,"Retain for calibration/base rate, not active disagreement.",6,0.9,1.013,,true,mid,,PENDING,
2026-06-29T18:44:28Z,RSO-0227,Israeli Legislative Election Winner,Together,0.27,0.15,0.166667,-0.12,-0.103333,-0.103333,0.103333,MARKET_HIGHER,small,multi_option_market|markout_pending,multi_option_interpretable_with_normalization,Use normalized or group-prompt estimate; compare against markouts.,6,0.9,1.013,,true,mid,,PENDING,
2026-06-29T18:44:28Z,RSO-0228,Israeli Legislative Election Winner,Shas,0.0025,0.05,0.055556,0.0475,0.053056,0.053056,0.053056,NO_SIGNAL,none,multi_option_market|no_material_signal,no_signal,"Retain for calibration/base rate, not active disagreement.",6,0.9,1.013,,true,mid,,,
2026-06-29T18:44:28Z,RSO-0229,Israeli Legislative Election Winner,The Democrats,0.0025,0.05,0.055556,0.0475,0.053056,0.053056,0.053056,NO_SIGNAL,none,multi_option_market|no_material_signal,no_signal,"Retain for calibration/base rate, not active disagreement.",6,0.9,1.013,,true,mid,,,
2026-06-29T18:44:28Z,RSO-0230,Israeli Legislative Election Winner,Otzma Yehudit,0.003,0.05,0.055556,0.047,0.052556,0.052556,0.052556,NO_SIGNAL,none,multi_option_market|no_material_signal,no_signal,"Retain for calibration/base rate, not active disagreement.",6,0.9,1.013,,true,mid,,,
2026-06-29T18:44:28Z,RSO-0231,Next Prime Minister of New Zealand,Chris Hipkins,0.535,0.15,0.147059,-0.385,-0.387941,-0.387941,0.387941,MARKET_HIGHER,large,multi_option_market|large_gap|markout_pending,multi_option_interpretable_with_normalization,Use normalized or group-prompt estimate; compare against markouts.,7,1.02,1.0375,,true,mid,,PENDING,
2026-06-29T18:44:28Z,RSO-0232,Next Prime Minister of New Zealand,Christopher Luxon,0.445,0.65,0.637255,0.205,0.192255,0.192255,0.192255,LLM_HIGHER,medium,multi_option_market|markout_pending,multi_option_interpretable_with_normalization,Use normalized or group-prompt estimate; compare against markouts.,7,1.02,1.0375,,true,mid,,PENDING,
2026-06-29T18:44:28Z,RSO-0233,Next Prime Minister of New Zealand,Nicola Willis,0.023,0.05,0.04902,0.027,0.02602,0.02602,0.02602,NO_SIGNAL,none,multi_option_market|no_material_signal,no_signal,"Retain for calibration/base rate, not active disagreement.",7,1.02,1.0375,,true,mid,,,
2026-06-29T18:44:28Z,RSO-0234,Next Prime Minister of New Zealand,Winston Peters,0.02,0.05,0.04902,0.03,0.02902,0.02902,0.02902,NO_SIGNAL,none,multi_option_market|no_material_signal,no_signal,"Retain for calibration/base rate, not active disagreement.",7,1.02,1.0375,,true,mid,,,
2026-06-29T18:44:28Z,RSO-0235,Next Prime Minister of New Zealand,Carmel Sepuloni,0.0065,0.05,0.04902,0.0435,0.04252,0.04252,0.04252,NO_SIGNAL,none,multi_option_market|no_material_signal,no_signal,"Retain for calibration/base rate, not active disagreement.",7,1.02,1.0375,,true,mid,,,
2026-06-29T18:44:28Z,RSO-0236,Next Prime Minister of New Zealand,Chlöe Swarbrick,0.0045,0.02,0.019608,0.0155,0.015108,0.015108,0.015108,NO_SIGNAL,none,multi_option_market|no_material_signal,no_signal,"Retain for calibration/base rate, not active disagreement.",7,1.02,1.0375,,true,mid,,,
2026-06-29T18:44:28Z,RSO-0237,Next Prime Minister of New Zealand,David Seymour,0.0035,0.05,0.04902,0.0465,0.04552,0.04552,0.04552,NO_SIGNAL,none,multi_option_market|no_material_signal,no_signal,"Retain for calibration/base rate, not active disagreement.",7,1.02,1.0375,,true,mid,,,
2026-06-29T18:44:28Z,RSO-0238,New Zealand legislative election winner,Labour Party,0.665,0.25,0.3125,-0.415,-0.3525,-0.3525,0.3525,MARKET_HIGHER,large,multi_option_market|large_gap|markout_pending,multi_option_interpretable_with_normalization,Use normalized or group-prompt estimate; compare against markouts.,4,0.8,1.015,,true,mid,,PENDING,
2026-06-29T18:44:28Z,RSO-0239,New Zealand legislative election winner,National Party,0.345,0.45,0.5625,0.105,0.2175,0.2175,0.2175,LLM_HIGHER,medium,multi_option_market|markout_pending,multi_option_interpretable_with_normalization,Use normalized or group-prompt estimate; compare against markouts.,4,0.8,1.015,,true,mid,,PENDING,
2026-06-29T18:44:28Z,RSO-0240,New Zealand legislative election winner,New Zealand First Party,0.0035,0.05,0.0625,0.0465,0.059,0.059,0.059,NO_SIGNAL,none,multi_option_market|no_material_signal,no_signal,"Retain for calibration/base rate, not active disagreement.",4,0.8,1.015,,true,mid,,,
2026-06-29T18:44:28Z,RSO-0241,New Zealand legislative election winner,Green Party,0.0015,0.05,0.0625,0.0485,0.061,0.061,0.061,NO_SIGNAL,none,multi_option_market|no_material_signal,no_signal,"Retain for calibration/base rate, not active disagreement.",4,0.8,1.015,,true,mid,,,
