timestamp_utc,tracking_id,parent_market_name,primary_outcome_to_track,comparison_price,row_raw_fair_value,row_norm_fair_value,group_prompt_fair_value,raw_gap,normalized_gap,group_prompt_gap,raw_abs_gap,normalized_abs_gap,group_prompt_abs_gap,raw_direction,normalized_direction,group_prompt_direction,raw_minus_norm,group_prompt_minus_row_norm,group_mass_flag,use_normalized_for_analysis,price_type,liquidity_flags
2026-06-29T18:23:26Z,RSO-0001,"Senate control, 2026",Republican Party,0.575,0.65,0.65,,0.075,0.075,,0.075,0.075,,NO_SIGNAL,NO_SIGNAL,NO_SIGNAL,0,,,false,mid,
2026-06-29T18:23:26Z,RSO-0002,"Senate control, 2026",Democratic Party,0.425,0.35,0.35,,-0.075,-0.075,,0.075,0.075,,NO_SIGNAL,NO_SIGNAL,NO_SIGNAL,0,,,false,mid,
2026-06-29T18:23:26Z,RSO-0003,"House control, 2026",Republican Party,0.175,0.45,0.45,,0.275,0.275,,0.275,0.275,,LLM_HIGHER,LLM_HIGHER,NO_SIGNAL,0,,,false,mid,
2026-06-29T18:23:26Z,RSO-0004,"House control, 2026",Democratic Party,0.835,0.55,0.55,,-0.285,-0.285,,0.285,0.285,,MARKET_HIGHER,MARKET_HIGHER,NO_SIGNAL,0,,,false,mid,
2026-06-29T18:23:26Z,RSO-0005,Republican House seats after 2026 midterms,Below 190,0.305,0.15,0.0375,0.05263158,-0.155,-0.2675,-0.25236842,0.155,0.2675,0.25236842,MARKET_HIGHER,MARKET_HIGHER,MARKET_HIGHER,0.1125,0.01513158,llm_mass_too_high,true,mid,
2026-06-29T18:23:26Z,RSO-0006,Republican House seats after 2026 midterms,190-194,0.125,0.35,0.0875,0.07368421,0.225,-0.0375,-0.05131579,0.225,0.0375,0.05131579,LLM_HIGHER,NO_SIGNAL,NO_SIGNAL,0.2625,-0.01381579,llm_mass_too_high,true,mid,
2026-06-29T18:23:26Z,RSO-0007,Republican House seats after 2026 midterms,195-199,0.165,0.45,0.1125,0.12631579,0.285,-0.0525,-0.03868421,0.285,0.0525,0.03868421,LLM_HIGHER,NO_SIGNAL,NO_SIGNAL,0.3375,0.01381579,llm_mass_too_high,true,mid,
2026-06-29T18:23:26Z,RSO-0008,Republican House seats after 2026 midterms,200-204,0.086,0.45,0.1125,0.15789474,0.364,0.0265,0.07189474,0.364,0.0265,0.07189474,LLM_HIGHER,NO_SIGNAL,NO_SIGNAL,0.3375,0.04539474,llm_mass_too_high,true,mid,
2026-06-29T18:23:26Z,RSO-0009,Republican House seats after 2026 midterms,205-209,0.064,0.45,0.1125,0.18947368,0.386,0.0485,0.12547368,0.386,0.0485,0.12547368,LLM_HIGHER,NO_SIGNAL,LLM_HIGHER,0.3375,0.07697368,llm_mass_too_high,true,mid,
2026-06-29T18:23:26Z,RSO-0010,Republican House seats after 2026 midterms,210-214,0.0575,0.45,0.1125,0.15789474,0.3925,0.055,0.10039474,0.3925,0.055,0.10039474,LLM_HIGHER,NO_SIGNAL,LLM_HIGHER,0.3375,0.04539474,llm_mass_too_high,true,mid,
2026-06-29T18:23:26Z,RSO-0011,Republican House seats after 2026 midterms,215-219,0.0975,0.45,0.1125,0.10526316,0.3525,0.015,0.00776316,0.3525,0.015,0.00776316,LLM_HIGHER,NO_SIGNAL,NO_SIGNAL,0.3375,-0.00723684,llm_mass_too_high,true,mid,
2026-06-29T18:23:26Z,RSO-0012,Republican House seats after 2026 midterms,220-224,0.077,0.35,0.0875,0.05263158,0.273,0.0105,-0.02436842,0.273,0.0105,0.02436842,LLM_HIGHER,NO_SIGNAL,NO_SIGNAL,0.2625,-0.03486842,llm_mass_too_high,true,mid,
2026-06-29T18:23:26Z,RSO-0013,Republican House seats after 2026 midterms,225-229,0.0395,0.45,0.1125,0.03157895,0.4105,0.073,-0.00792105,0.4105,0.073,0.00792105,LLM_HIGHER,NO_SIGNAL,NO_SIGNAL,0.3375,-0.08092105,llm_mass_too_high,true,mid,
2026-06-29T18:23:26Z,RSO-0014,Republican House seats after 2026 midterms,230+,0.0185,0.45,0.1125,0.05263158,0.4315,0.094,0.03413158,0.4315,0.094,0.03413158,LLM_HIGHER,NO_SIGNAL,NO_SIGNAL,0.3375,-0.05986842,llm_mass_too_high,true,mid,
2026-06-29T18:23:26Z,RSO-0015,Republican Senate seats after 2026 midterms,≤47,0.255,0.15,0.065217,0.05,-0.105,-0.189783,-0.205,0.105,0.189783,0.205,MARKET_HIGHER,MARKET_HIGHER,MARKET_HIGHER,0.084783,-0.015217,llm_mass_too_high|market_mass_low,true,mid,
2026-06-29T18:23:26Z,RSO-0021,Republican Senate seats after 2026 midterms,53,0.036,0.55,0.23913,0.35,0.514,0.20313,0.314,0.514,0.20313,0.314,LLM_HIGHER,LLM_HIGHER,LLM_HIGHER,0.31087,0.11087,llm_mass_too_high|market_mass_low,true,mid,
2026-06-29T18:23:26Z,RSO-0022,Republican Senate seats after 2026 midterms,54,0.0155,0.35,0.152174,0.25,0.3345,0.136674,0.2345,0.3345,0.136674,0.2345,LLM_HIGHER,LLM_HIGHER,LLM_HIGHER,0.197826,0.097826,llm_mass_too_high|market_mass_low,true,mid,
2026-06-29T18:23:26Z,RSO-0023,Republican Senate seats after 2026 midterms,55,0.0165,0.35,0.152174,0.2,0.3335,0.135674,0.1835,0.3335,0.135674,0.1835,LLM_HIGHER,LLM_HIGHER,LLM_HIGHER,0.197826,0.047826,llm_mass_too_high|market_mass_low,true,mid,
2026-06-29T18:23:26Z,RSO-0024,Republican Senate seats after 2026 midterms,56,0.0105,0.35,0.152174,0.1,0.3395,0.141674,0.0895,0.3395,0.141674,0.0895,LLM_HIGHER,LLM_HIGHER,NO_SIGNAL,0.197826,-0.052174,llm_mass_too_high|market_mass_low,true,mid,
2026-06-29T18:23:26Z,RSO-0025,Republican Senate seats after 2026 midterms,57+,0.0135,0.55,0.23913,0.05,0.5365,0.22563,0.0365,0.5365,0.22563,0.0365,LLM_HIGHER,LLM_HIGHER,NO_SIGNAL,0.31087,-0.18913,llm_mass_too_high|market_mass_low,true,mid,
2026-06-29T18:23:26Z,RSO-0026,Maine Senate Election Winner,Democrat,0.615,0.45,0.5,,-0.165,-0.115,,0.165,0.115,,MARKET_HIGHER,MARKET_HIGHER,NO_SIGNAL,-0.05,,,false,mid,
2026-06-29T18:23:26Z,RSO-0027,Maine Senate Election Winner,Republican,0.385,0.45,0.5,,0.065,0.115,,0.065,0.115,,NO_SIGNAL,LLM_HIGHER,NO_SIGNAL,-0.05,,,false,mid,
2026-06-29T18:23:26Z,RSO-0028,Texas Senate Election Winner,Ken Paxton (R),0.565,0.65,0.590909,,0.085,0.025909,,0.085,0.025909,,NO_SIGNAL,NO_SIGNAL,NO_SIGNAL,0.059091,,,false,mid,
2026-06-29T18:23:26Z,RSO-0029,Texas Senate Election Winner,James Talarico (D),0.42,0.45,0.409091,,0.03,-0.010909,,0.03,0.010909,,NO_SIGNAL,NO_SIGNAL,NO_SIGNAL,0.040909,,,false,mid,
2026-06-29T18:23:26Z,RSO-0030,Alaska Senate Election Winner,Mary Peltola,0.695,0.45,0.272727,0.35,-0.245,-0.422273,-0.345,0.245,0.422273,0.345,MARKET_HIGHER,MARKET_HIGHER,MARKET_HIGHER,0.177273,0.077273,llm_mass_too_high,true,mid,
2026-06-29T18:23:26Z,RSO-0031,Alaska Senate Election Winner,Dan Sullivan,0.305,0.55,0.333333,0.45,0.245,0.028333,0.145,0.245,0.028333,0.145,LLM_HIGHER,NO_SIGNAL,LLM_HIGHER,0.216667,0.116667,llm_mass_too_high,true,mid,
2026-06-29T18:23:26Z,RSO-0032,Alaska Senate Election Winner,Dustin Darden,0.001,0.15,0.090909,0.05,0.149,0.089909,0.049,0.149,0.089909,0.049,LLM_HIGHER,NO_SIGNAL,NO_SIGNAL,0.059091,-0.040909,llm_mass_too_high,true,ask_only,no_bids
2026-06-29T18:23:26Z,RSO-0033,Alaska Senate Election Winner,Ann Diener,0.001,0.25,0.151515,0.05,0.249,0.150515,0.049,0.249,0.150515,0.049,LLM_HIGHER,LLM_HIGHER,NO_SIGNAL,0.098485,-0.101515,llm_mass_too_high,true,ask_only,no_bids
2026-06-29T18:23:26Z,RSO-0034,Alaska Senate Election Winner,Richard Grayson,0.001,0.25,0.151515,0.1,0.249,0.150515,0.099,0.249,0.150515,0.099,LLM_HIGHER,LLM_HIGHER,NO_SIGNAL,0.098485,-0.051515,llm_mass_too_high,true,ask_only,no_bids
2026-06-29T18:23:26Z,RSO-0035,Nebraska Senate Election Winner,Republican,0.655,0.55,0.478261,0.45,-0.105,-0.176739,-0.205,0.105,0.176739,0.205,MARKET_HIGHER,MARKET_HIGHER,MARKET_HIGHER,0.071739,-0.028261,,true,mid,
2026-06-29T18:23:26Z,RSO-0036,Nebraska Senate Election Winner,Independent,0.27,0.15,0.130435,0.05,-0.12,-0.139565,-0.22,0.12,0.139565,0.22,MARKET_HIGHER,MARKET_HIGHER,MARKET_HIGHER,0.019565,-0.080435,,true,mid,
2026-06-29T18:23:26Z,RSO-0037,Nebraska Senate Election Winner,Democrat,0.0235,0.45,0.391304,0.5,0.4265,0.367804,0.4765,0.4265,0.367804,0.4765,LLM_HIGHER,LLM_HIGHER,LLM_HIGHER,0.058696,0.108696,,true,mid,
2026-06-29T18:23:26Z,RSO-0038,Michigan Senate Election Winner,Democrat,0.72,0.45,0.5,,-0.27,-0.22,,0.27,0.22,,MARKET_HIGHER,MARKET_HIGHER,NO_SIGNAL,-0.05,,,false,mid,
2026-06-29T18:23:26Z,RSO-0039,Michigan Senate Election Winner,Republican,0.275,0.45,0.5,,0.175,0.225,,0.175,0.225,,LLM_HIGHER,LLM_HIGHER,NO_SIGNAL,-0.05,,,false,mid,
2026-06-29T18:23:26Z,RSO-0040,Ohio Senate Election Winner,Sherrod Brown (D),0.555,0.55,0.55,,-0.005,-0.005,,0.005,0.005,,NO_SIGNAL,NO_SIGNAL,NO_SIGNAL,0,,,false,mid,
2026-06-29T18:23:26Z,RSO-0041,Ohio Senate Election Winner,Jon Husted (R),0.44,0.45,0.45,,0.01,0.01,,0.01,0.01,,NO_SIGNAL,NO_SIGNAL,NO_SIGNAL,0,,,false,mid,
2026-06-29T18:23:26Z,RSO-0042,North Carolina Senate Election Winner,Roy Cooper (D),0.865,0.55,0.55,,-0.315,-0.315,,0.315,0.315,,MARKET_HIGHER,MARKET_HIGHER,NO_SIGNAL,0,,,false,mid,
2026-06-29T18:23:26Z,RSO-0043,North Carolina Senate Election Winner,Michael Whatley (R),0.145,0.45,0.45,,0.305,0.305,,0.305,0.305,,LLM_HIGHER,LLM_HIGHER,NO_SIGNAL,0,,,false,mid,
2026-06-29T18:23:26Z,RSO-0044,Georgia Senate Election Winner,Democrat,0.855,0.45,0.5,,-0.405,-0.355,,0.405,0.355,,MARKET_HIGHER,MARKET_HIGHER,NO_SIGNAL,-0.05,,,false,mid,
2026-06-29T18:23:26Z,RSO-0045,Georgia Senate Election Winner,Republican,0.1485,0.45,0.5,,0.3015,0.3515,,0.3015,0.3515,,LLM_HIGHER,LLM_HIGHER,NO_SIGNAL,-0.05,,,false,mid,
2026-06-29T18:23:26Z,RSO-0046,New Hampshire Senate Election Winner,Democrat,0.845,0.45,0.5,,-0.395,-0.345,,0.395,0.345,,MARKET_HIGHER,MARKET_HIGHER,NO_SIGNAL,-0.05,,,false,mid,
2026-06-29T18:23:26Z,RSO-0047,New Hampshire Senate Election Winner,Republican,0.135,0.45,0.5,,0.315,0.365,,0.315,0.365,,LLM_HIGHER,LLM_HIGHER,NO_SIGNAL,-0.05,,,false,mid,
2026-06-29T18:23:26Z,RSO-0048,Iowa Senate Election Winner,Republican,0.555,0.45,0.5,,-0.105,-0.055,,0.105,0.055,,MARKET_HIGHER,NO_SIGNAL,NO_SIGNAL,-0.05,,,false,mid,
2026-06-29T18:23:26Z,RSO-0049,Iowa Senate Election Winner,Democrat,0.44,0.45,0.5,,0.01,0.06,,0.01,0.06,,NO_SIGNAL,NO_SIGNAL,NO_SIGNAL,-0.05,,,false,mid,
2026-06-29T18:23:26Z,RSO-0052,Michigan Governor Election Winner,Democrat,0.84,0.45,0.441176,0.55,-0.39,-0.398824,-0.29,0.39,0.398824,0.29,MARKET_HIGHER,MARKET_HIGHER,MARKET_HIGHER,0.008824,0.108824,,true,mid,
2026-06-29T18:23:26Z,RSO-0053,Michigan Governor Election Winner,Republican,0.145,0.45,0.441176,0.4,0.305,0.296176,0.255,0.305,0.296176,0.255,LLM_HIGHER,LLM_HIGHER,LLM_HIGHER,0.008824,-0.041176,,true,mid,
2026-06-29T18:23:26Z,RSO-0054,Michigan Governor Election Winner,Independent,0.0295,0.12,0.117647,0.05,0.0905,0.088147,0.0205,0.0905,0.088147,0.0205,NO_SIGNAL,NO_SIGNAL,NO_SIGNAL,0.002353,-0.067647,,true,mid,
2026-06-29T18:23:26Z,RSO-0055,WA-04 House Election Winner,Republican Party,0.86,0.35,0.388889,,-0.51,-0.471111,,0.51,0.471111,,MARKET_HIGHER,MARKET_HIGHER,NO_SIGNAL,-0.038889,,,false,mid,
2026-06-29T18:23:26Z,RSO-0056,WA-04 House Election Winner,Democratic Party,0.135,0.55,0.611111,,0.415,0.476111,,0.415,0.476111,,LLM_HIGHER,LLM_HIGHER,NO_SIGNAL,-0.061111,,,false,mid,
2026-06-29T18:23:26Z,RSO-0057,NE-02 House Election Winner,Democratic Party,0.775,0.55,0.55,,-0.225,-0.225,,0.225,0.225,,MARKET_HIGHER,MARKET_HIGHER,NO_SIGNAL,0,,,false,mid,
2026-06-29T18:23:26Z,RSO-0058,NE-02 House Election Winner,Republican Party,0.235,0.45,0.45,,0.215,0.215,,0.215,0.215,,LLM_HIGHER,LLM_HIGHER,NO_SIGNAL,0,,,false,mid,
2026-06-29T18:23:26Z,RSO-0059,PA-10 House Election Winner,Democratic Party,0.685,0.55,0.55,,-0.135,-0.135,,0.135,0.135,,MARKET_HIGHER,MARKET_HIGHER,NO_SIGNAL,0,,,false,mid,
2026-06-29T18:23:26Z,RSO-0060,PA-10 House Election Winner,Republican Party,0.27,0.45,0.45,,0.18,0.18,,0.18,0.18,,LLM_HIGHER,LLM_HIGHER,NO_SIGNAL,0,,,false,mid,
2026-06-29T18:23:26Z,RSO-0061,Ohio Governor Election Winner,Republican,0.5,0.45,0.5,,-0.05,0,,0.05,0,,NO_SIGNAL,NO_SIGNAL,NO_SIGNAL,-0.05,,,false,mid,
2026-06-29T18:23:26Z,RSO-0062,Ohio Governor Election Winner,Democrat,0.51,0.45,0.5,,-0.06,-0.01,,0.06,0.01,,NO_SIGNAL,NO_SIGNAL,NO_SIGNAL,-0.05,,,false,mid,
2026-06-29T18:23:26Z,RSO-0063,Georgia Governor Election Winner,Democrat,0.475,0.45,0.5,,-0.025,0.025,,0.025,0.025,,NO_SIGNAL,NO_SIGNAL,NO_SIGNAL,-0.05,,,false,mid,
2026-06-29T18:23:26Z,RSO-0064,Georgia Governor Election Winner,Republican,0.505,0.45,0.5,,-0.055,-0.005,,0.055,0.005,,NO_SIGNAL,NO_SIGNAL,NO_SIGNAL,-0.05,,,false,mid,
2026-06-29T18:23:26Z,RSO-0065,Nevada Governor Election Winner,Democrat,0.605,0.45,0.5,,-0.155,-0.105,,0.155,0.105,,MARKET_HIGHER,MARKET_HIGHER,NO_SIGNAL,-0.05,,,false,mid,
2026-06-29T18:23:26Z,RSO-0066,Nevada Governor Election Winner,Republican,0.4,0.45,0.5,,0.05,0.1,,0.05,0.1,,NO_SIGNAL,NO_SIGNAL,NO_SIGNAL,-0.05,,,false,mid,
2026-06-29T18:23:26Z,RSO-0067,NY-13 House Election Winner / Darializa Avila Chevalier proxy,Democratic Party,0.9415,0.85,0.944444,,-0.0915,0.002944,,0.0915,0.002944,,NO_SIGNAL,NO_SIGNAL,NO_SIGNAL,-0.094444,,,false,mid,
2026-06-29T18:23:26Z,RSO-0068,NY-13 House Election Winner / Darializa Avila Chevalier proxy,Republican Party,0.0225,0.05,0.055556,,0.0275,0.033056,,0.0275,0.033056,,NO_SIGNAL,NO_SIGNAL,NO_SIGNAL,-0.005556,,,false,mid,
2026-06-29T18:23:26Z,RSO-0076,Brazil Presidential Election,Luiz Inácio Lula da Silva,0.565,0.55,0.495495,0.40697674,-0.015,-0.069505,-0.15802326,0.015,0.069505,0.15802326,NO_SIGNAL,NO_SIGNAL,MARKET_HIGHER,0.054505,-0.08851826,,true,mid,
2026-06-29T18:23:26Z,RSO-0077,Brazil Presidential Election,Flávio Bolsonaro,0.2215,0.15,0.135135,0.29069767,-0.0715,-0.086365,0.06919767,0.0715,0.086365,0.06919767,NO_SIGNAL,NO_SIGNAL,NO_SIGNAL,0.014865,0.15556267,,true,mid,
2026-06-29T18:23:26Z,RSO-0078,Brazil Presidential Election,Renan Santos,0.1155,0.05,0.045045,0.09302326,-0.0655,-0.070455,-0.02247674,0.0655,0.070455,0.02247674,NO_SIGNAL,NO_SIGNAL,NO_SIGNAL,0.004955,0.04797826,,true,mid,
2026-06-29T18:23:26Z,RSO-0079,Brazil Presidential Election,Michelle Bolsonaro,0.028,0.02,0.018018,0.05813953,-0.008,-0.009982,0.03013953,0.008,0.009982,0.03013953,NO_SIGNAL,NO_SIGNAL,NO_SIGNAL,0.001982,0.04012153,,true,mid,
2026-06-29T18:23:26Z,RSO-0080,Brazil Presidential Election,Ronaldo Caiado,0.0125,0.01,0.009009,0.03488372,-0.0025,-0.003491,0.02238372,0.0025,0.003491,0.02238372,NO_SIGNAL,NO_SIGNAL,NO_SIGNAL,0.000991,0.02587472,,true,mid,
2026-06-29T18:23:26Z,RSO-0081,Brazil Presidential Election,Fernando Haddad,0.0105,0.02,0.018018,0.02325581,0.0095,0.007518,0.01275581,0.0095,0.007518,0.01275581,NO_SIGNAL,NO_SIGNAL,NO_SIGNAL,0.001982,0.00523781,,true,mid,
2026-06-29T18:23:26Z,RSO-0082,Brazil Presidential Election,Camilo Santana,0.0065,0.01,0.009009,0.01744186,0.0035,0.002509,0.01094186,0.0035,0.002509,0.01094186,NO_SIGNAL,NO_SIGNAL,NO_SIGNAL,0.000991,0.00843286,,true,mid,
2026-06-29T18:23:26Z,RSO-0083,Brazil Presidential Election,Romeu Zema,0.0115,0.02,0.018018,0.01162791,0.0085,0.006518,0.00012791,0.0085,0.006518,0.00012791,NO_SIGNAL,NO_SIGNAL,NO_SIGNAL,0.001982,-0.00639009,,true,mid,
2026-06-29T18:23:26Z,RSO-0084,Brazil Presidential Election,Jair Bolsonaro,0.0055,0.15,0.135135,0.01162791,0.1445,0.129635,0.00612791,0.1445,0.129635,0.00612791,LLM_HIGHER,LLM_HIGHER,NO_SIGNAL,0.014865,-0.12350709,,true,mid,
2026-06-29T18:23:26Z,RSO-0085,Brazil Presidential Election,Geraldo Alckmin,0.0045,0.05,0.045045,0.01162791,0.0455,0.040545,0.00712791,0.0455,0.040545,0.00712791,NO_SIGNAL,NO_SIGNAL,NO_SIGNAL,0.004955,-0.03341709,,true,mid,
2026-06-29T18:23:26Z,RSO-0086,Brazil Presidential Election,Tereza Cristina,0.0025,0.01,0.009009,0.00581395,0.0075,0.006509,0.00331395,0.0075,0.006509,0.00331395,NO_SIGNAL,NO_SIGNAL,NO_SIGNAL,0.000991,-0.00319505,,true,mid,
2026-06-29T18:23:26Z,RSO-0087,Brazil Presidential Election,Tarcisio de Freitas,0.0015,0.01,0.009009,0.00581395,0.0085,0.007509,0.00431395,0.0085,0.007509,0.00431395,NO_SIGNAL,NO_SIGNAL,NO_SIGNAL,0.000991,-0.00319505,,true,mid,
2026-06-29T18:23:26Z,RSO-0088,Brazil Presidential Election,Eduardo Bolsonaro,0.0015,0.02,0.018018,0.00581395,0.0185,0.016518,0.00431395,0.0185,0.016518,0.00431395,NO_SIGNAL,NO_SIGNAL,NO_SIGNAL,0.001982,-0.01220405,,true,mid,
2026-06-29T18:23:26Z,RSO-0089,Brazil Presidential Election,Aldo Rebelo,0.0015,0.01,0.009009,0.00581395,0.0085,0.007509,0.00431395,0.0085,0.007509,0.00431395,NO_SIGNAL,NO_SIGNAL,NO_SIGNAL,0.000991,-0.00319505,,true,mid,
2026-06-29T18:23:26Z,RSO-0090,Brazil Presidential Election,Helder Barbalho,0.0015,0.01,0.009009,0.00581395,0.0085,0.007509,0.00431395,0.0085,0.007509,0.00431395,NO_SIGNAL,NO_SIGNAL,NO_SIGNAL,0.000991,-0.00319505,,true,mid,
2026-06-29T18:23:26Z,RSO-0091,Brazil Presidential Election,Ratinho Júnior,0.001,0.01,0.009009,0.00581395,0.009,0.008009,0.00481395,0.009,0.008009,0.00481395,NO_SIGNAL,NO_SIGNAL,NO_SIGNAL,0.000991,-0.00319505,,true,ask_only,no_bids
2026-06-29T18:23:26Z,RSO-0092,Brazil Presidential Election,Eduardo Leite,0.001,0.01,0.009009,0.00581395,0.009,0.008009,0.00481395,0.009,0.008009,0.00481395,NO_SIGNAL,NO_SIGNAL,NO_SIGNAL,0.000991,-0.00319505,,true,ask_only,no_bids
2026-06-29T18:23:26Z,RSO-0094,Brazil Presidential Election First Round: Margin of Victory,Lula da Silva 10-15%,0.158,0.35,0.248227,0.23809524,0.192,0.090227,0.08009524,0.192,0.090227,0.08009524,LLM_HIGHER,NO_SIGNAL,NO_SIGNAL,0.101773,-0.01013176,llm_mass_too_high,true,mid,
2026-06-29T18:23:26Z,RSO-0095,Brazil Presidential Election First Round: Margin of Victory,Lula da Silva 5-10%,0.375,0.35,0.248227,0.33333333,-0.025,-0.126773,-0.04166667,0.025,0.126773,0.04166667,NO_SIGNAL,MARKET_HIGHER,NO_SIGNAL,0.101773,0.08510633,llm_mass_too_high,true,mid,
2026-06-29T18:23:26Z,RSO-0096,Brazil Presidential Election First Round: Margin of Victory,Lula da Silva <5%,0.29,0.15,0.106383,0.14285714,-0.14,-0.183617,-0.14714286,0.14,0.183617,0.14714286,MARKET_HIGHER,MARKET_HIGHER,MARKET_HIGHER,0.043617,0.03647414,llm_mass_too_high,true,mid,
2026-06-29T18:23:26Z,RSO-0098,Brazil Presidential Election First Round: Margin of Victory,Flávio Bolsonaro 5-10%,0.0035,0.15,0.106383,0.0952381,0.1465,0.102883,0.0917381,0.1465,0.102883,0.0917381,LLM_HIGHER,LLM_HIGHER,NO_SIGNAL,0.043617,-0.0111449,llm_mass_too_high,true,mid,
2026-06-29T18:23:26Z,RSO-0099,Brazil Presidential Election First Round: Margin of Victory,Flávio Bolsonaro <5%,0.046,0.15,0.106383,0.04761905,0.104,0.060383,0.00161905,0.104,0.060383,0.00161905,LLM_HIGHER,NO_SIGNAL,NO_SIGNAL,0.043617,-0.05876395,llm_mass_too_high,true,mid,
2026-06-29T18:23:26Z,RSO-0100,Brazil Presidential Election First Round: Margin of Victory,Renan Santos Victory,0.0425,0.05,0.035461,0.04761905,0.0075,-0.007039,0.00511905,0.0075,0.007039,0.00511905,NO_SIGNAL,NO_SIGNAL,NO_SIGNAL,0.014539,0.01215805,llm_mass_too_high,true,mid,
2026-06-29T18:23:26Z,RSO-0101,Brazil Presidential Election First Round: Margin of Victory,Tarcisio de Freitas Victory,0.003,0.01,0.007092,0.02380952,0.007,0.004092,0.02080952,0.007,0.004092,0.02080952,NO_SIGNAL,NO_SIGNAL,NO_SIGNAL,0.002908,0.01671752,llm_mass_too_high,true,mid,
2026-06-29T18:23:26Z,RSO-0102,Brazil Presidential Election First Round: Margin of Victory,Ratinho Júnior Victory,0.0025,0.05,0.035461,0.02380952,0.0475,0.032961,0.02130952,0.0475,0.032961,0.02130952,NO_SIGNAL,NO_SIGNAL,NO_SIGNAL,0.014539,-0.01165148,llm_mass_too_high,true,mid,
2026-06-29T18:23:26Z,RSO-0103,Brazil Presidential Election First Round: Margin of Victory,Other,0.035,0.15,0.106383,0.04761905,0.115,0.071383,0.01261905,0.115,0.071383,0.01261905,LLM_HIGHER,NO_SIGNAL,NO_SIGNAL,0.043617,-0.05876395,llm_mass_too_high,true,mid,
2026-06-29T18:23:26Z,RSO-0121,Brazil Presidential Election First Round: 2nd Place,Flávio Bolsonaro,0.76,0.45,0.319149,0.37433155,-0.31,-0.440851,-0.38566845,0.31,0.440851,0.38566845,MARKET_HIGHER,MARKET_HIGHER,MARKET_HIGHER,0.130851,0.05518255,llm_mass_too_high,true,mid,
2026-06-29T18:23:26Z,RSO-0122,Brazil Presidential Election First Round: 2nd Place,Renan Santos,0.1205,0.15,0.106383,0.16042781,0.0295,-0.014117,0.03992781,0.0295,0.014117,0.03992781,NO_SIGNAL,NO_SIGNAL,NO_SIGNAL,0.043617,0.05404481,llm_mass_too_high,true,mid,
2026-06-29T18:23:26Z,RSO-0123,Brazil Presidential Election First Round: 2nd Place,Luiz Inácio Lula da Silva,0.0315,0.15,0.106383,0.26737968,0.1185,0.074883,0.23587968,0.1185,0.074883,0.23587968,LLM_HIGHER,NO_SIGNAL,LLM_HIGHER,0.043617,0.16099668,llm_mass_too_high,true,mid,
2026-06-29T18:23:26Z,RSO-0124,Brazil Presidential Election First Round: 2nd Place,Romeu Zema,0.0145,0.05,0.035461,0.05347594,0.0355,0.020961,0.03897594,0.0355,0.020961,0.03897594,NO_SIGNAL,NO_SIGNAL,NO_SIGNAL,0.014539,0.01801494,llm_mass_too_high,true,mid,
2026-06-29T18:23:26Z,RSO-0125,Brazil Presidential Election First Round: 2nd Place,Michelle Bolsonaro,0.0285,0.05,0.035461,0.03208556,0.0215,0.006961,0.00358556,0.0215,0.006961,0.00358556,NO_SIGNAL,NO_SIGNAL,NO_SIGNAL,0.014539,-0.00337544,llm_mass_too_high,true,mid,
2026-06-29T18:23:26Z,RSO-0126,Brazil Presidential Election First Round: 2nd Place,Fernando Haddad,0.0065,0.05,0.035461,0.02139037,0.0435,0.028961,0.01489037,0.0435,0.028961,0.01489037,NO_SIGNAL,NO_SIGNAL,NO_SIGNAL,0.014539,-0.01407063,llm_mass_too_high,true,mid,
2026-06-29T18:23:26Z,RSO-0127,Brazil Presidential Election First Round: 2nd Place,Camilo Santana,0.0075,0.05,0.035461,0.01604278,0.0425,0.027961,0.00854278,0.0425,0.027961,0.00854278,NO_SIGNAL,NO_SIGNAL,NO_SIGNAL,0.014539,-0.01941822,llm_mass_too_high,true,mid,
2026-06-29T18:23:26Z,RSO-0128,Brazil Presidential Election First Round: 2nd Place,Ronaldo Caiado,0.012,0.05,0.035461,0.01604278,0.038,0.023461,0.00404278,0.038,0.023461,0.00404278,NO_SIGNAL,NO_SIGNAL,NO_SIGNAL,0.014539,-0.01941822,llm_mass_too_high,true,mid,
2026-06-29T18:23:26Z,RSO-0129,Brazil Presidential Election First Round: 2nd Place,Geraldo Alckmin,0.006,0.05,0.035461,0.01069519,0.044,0.029461,0.00469519,0.044,0.029461,0.00469519,NO_SIGNAL,NO_SIGNAL,NO_SIGNAL,0.014539,-0.02476581,llm_mass_too_high,true,mid,
2026-06-29T18:23:26Z,RSO-0130,Brazil Presidential Election First Round: 2nd Place,Tereza Cristina,0.0015,0.05,0.035461,0.01069519,0.0485,0.033961,0.00919519,0.0485,0.033961,0.00919519,NO_SIGNAL,NO_SIGNAL,NO_SIGNAL,0.014539,-0.02476581,llm_mass_too_high,true,mid,
2026-06-29T18:23:26Z,RSO-0131,Brazil Presidential Election First Round: 2nd Place,Jair Bolsonaro,0.0025,0.01,0.007092,0.00534759,0.0075,0.004592,0.00284759,0.0075,0.004592,0.00284759,NO_SIGNAL,NO_SIGNAL,NO_SIGNAL,0.002908,-0.00174441,llm_mass_too_high,true,mid,
2026-06-29T18:23:26Z,RSO-0132,Brazil Presidential Election First Round: 2nd Place,Ratinho Júnior,0.0015,0.05,0.035461,0.00534759,0.0485,0.033961,0.00384759,0.0485,0.033961,0.00384759,NO_SIGNAL,NO_SIGNAL,NO_SIGNAL,0.014539,-0.03011341,llm_mass_too_high,true,mid,
2026-06-29T18:23:26Z,RSO-0133,Brazil Presidential Election First Round: 2nd Place,Eduardo Bolsonaro,0.0015,0.05,0.035461,0.00534759,0.0485,0.033961,0.00384759,0.0485,0.033961,0.00384759,NO_SIGNAL,NO_SIGNAL,NO_SIGNAL,0.014539,-0.03011341,llm_mass_too_high,true,mid,
2026-06-29T18:23:26Z,RSO-0134,Brazil Presidential Election First Round: 2nd Place,Aldo Rebelo,0.0015,0.05,0.035461,0.00534759,0.0485,0.033961,0.00384759,0.0485,0.033961,0.00384759,NO_SIGNAL,NO_SIGNAL,NO_SIGNAL,0.014539,-0.03011341,llm_mass_too_high,true,mid,
2026-06-29T18:23:26Z,RSO-0135,Brazil Presidential Election First Round: 2nd Place,Tarcisio de Freitas,0.0015,0.05,0.035461,0.00534759,0.0485,0.033961,0.00384759,0.0485,0.033961,0.00384759,NO_SIGNAL,NO_SIGNAL,NO_SIGNAL,0.014539,-0.03011341,llm_mass_too_high,true,mid,
2026-06-29T18:23:26Z,RSO-0136,Brazil Presidential Election First Round: 2nd Place,Eduardo Leite,0.0015,0.05,0.035461,0.00534759,0.0485,0.033961,0.00384759,0.0485,0.033961,0.00384759,NO_SIGNAL,NO_SIGNAL,NO_SIGNAL,0.014539,-0.03011341,llm_mass_too_high,true,mid,
2026-06-29T18:23:26Z,RSO-0137,Brazil Presidential Election First Round: 2nd Place,Helder Barbalho,0.001,0.05,0.035461,0.00534759,0.049,0.034461,0.00434759,0.049,0.034461,0.00434759,NO_SIGNAL,NO_SIGNAL,NO_SIGNAL,0.014539,-0.03011341,llm_mass_too_high,true,ask_only,no_bids
2026-06-29T18:23:26Z,RSO-0138,Brazil Presidential Election First Round: 3rd Place,Renan Santos,0.5,0.15,0.076531,0.09259259,-0.35,-0.423469,-0.40740741,0.35,0.423469,0.40740741,MARKET_HIGHER,MARKET_HIGHER,MARKET_HIGHER,0.073469,0.01606159,llm_mass_too_high,true,mid,
2026-06-29T18:23:26Z,RSO-0139,Brazil Presidential Election First Round: 3rd Place,Ronaldo Caiado,0.16,0.15,0.076531,0.07407407,-0.01,-0.083469,-0.08592593,0.01,0.083469,0.08592593,NO_SIGNAL,NO_SIGNAL,NO_SIGNAL,0.073469,-0.00245693,llm_mass_too_high,true,mid,
2026-06-29T18:23:26Z,RSO-0140,Brazil Presidential Election First Round: 3rd Place,Romeu Zema,0.13,0.15,0.076531,0.07407407,0.02,-0.053469,-0.05592593,0.02,0.053469,0.05592593,NO_SIGNAL,NO_SIGNAL,NO_SIGNAL,0.073469,-0.00245693,llm_mass_too_high,true,mid,
2026-06-29T18:23:26Z,RSO-0141,Brazil Presidential Election First Round: 3rd Place,Flávio Bolsonaro,0.0915,0.25,0.127551,0.09259259,0.1585,0.036051,0.00109259,0.1585,0.036051,0.00109259,LLM_HIGHER,NO_SIGNAL,NO_SIGNAL,0.122449,-0.03495841,llm_mass_too_high,true,mid,
2026-06-29T18:23:26Z,RSO-0142,Brazil Presidential Election First Round: 3rd Place,Fernando Haddad,0.0205,0.15,0.076531,0.03703704,0.1295,0.056031,0.01653704,0.1295,0.056031,0.01653704,LLM_HIGHER,NO_SIGNAL,NO_SIGNAL,0.073469,-0.03949396,llm_mass_too_high,true,mid,
2026-06-29T18:23:26Z,RSO-0143,Brazil Presidential Election First Round: 3rd Place,Michelle Bolsonaro,0.0095,0.12,0.061224,0.05555556,0.1105,0.051724,0.04605556,0.1105,0.051724,0.04605556,LLM_HIGHER,NO_SIGNAL,NO_SIGNAL,0.058776,-0.00566844,llm_mass_too_high,true,mid,
2026-06-29T18:23:26Z,RSO-0144,Brazil Presidential Election First Round: 3rd Place,Luiz Inácio Lula da Silva,0.0095,0.15,0.076531,0.27777778,0.1405,0.067031,0.26827778,0.1405,0.067031,0.26827778,LLM_HIGHER,NO_SIGNAL,LLM_HIGHER,0.073469,0.20124678,llm_mass_too_high,true,mid,
2026-06-29T18:23:26Z,RSO-0145,Brazil Presidential Election First Round: 3rd Place,Camilo Santana,0.014,0.05,0.02551,0.03703704,0.036,0.01151,0.02303704,0.036,0.01151,0.02303704,NO_SIGNAL,NO_SIGNAL,NO_SIGNAL,0.02449,0.01152704,llm_mass_too_high,true,mid,
2026-06-29T18:23:26Z,RSO-0146,Brazil Presidential Election First Round: 3rd Place,Eduardo Bolsonaro,0.0045,0.15,0.076531,0.03703704,0.1455,0.072031,0.03253704,0.1455,0.072031,0.03253704,LLM_HIGHER,NO_SIGNAL,NO_SIGNAL,0.073469,-0.03949396,llm_mass_too_high,true,mid,
2026-06-29T18:23:26Z,RSO-0147,Brazil Presidential Election First Round: 3rd Place,Aldo Rebelo,0.0025,0.05,0.02551,0.01851852,0.0475,0.02301,0.01601852,0.0475,0.02301,0.01601852,NO_SIGNAL,NO_SIGNAL,NO_SIGNAL,0.02449,-0.00699148,llm_mass_too_high,true,mid,
2026-06-29T18:23:26Z,RSO-0148,Brazil Presidential Election First Round: 3rd Place,Tarcisio de Freitas,0.0025,0.12,0.061224,0.03703704,0.1175,0.058724,0.03453704,0.1175,0.058724,0.03453704,LLM_HIGHER,NO_SIGNAL,NO_SIGNAL,0.058776,-0.02418696,llm_mass_too_high,true,mid,
2026-06-29T18:23:26Z,RSO-0149,Brazil Presidential Election First Round: 3rd Place,Jair Bolsonaro,0.0025,0.05,0.02551,0.01851852,0.0475,0.02301,0.01601852,0.0475,0.02301,0.01601852,NO_SIGNAL,NO_SIGNAL,NO_SIGNAL,0.02449,-0.00699148,llm_mass_too_high,true,mid,
2026-06-29T18:23:26Z,RSO-0150,Brazil Presidential Election First Round: 3rd Place,Ratinho Júnior,0.0025,0.05,0.02551,0.01851852,0.0475,0.02301,0.01601852,0.0475,0.02301,0.01601852,NO_SIGNAL,NO_SIGNAL,NO_SIGNAL,0.02449,-0.00699148,llm_mass_too_high,true,mid,
2026-06-29T18:23:26Z,RSO-0151,Brazil Presidential Election First Round: 3rd Place,Geraldo Alckmin,0.0025,0.15,0.076531,0.05555556,0.1475,0.074031,0.05305556,0.1475,0.074031,0.05305556,LLM_HIGHER,NO_SIGNAL,NO_SIGNAL,0.073469,-0.02097544,llm_mass_too_high,true,mid,
2026-06-29T18:23:26Z,RSO-0152,Brazil Presidential Election First Round: 3rd Place,Tereza Cristina,0.002,0.05,0.02551,0.01851852,0.048,0.02351,0.01651852,0.048,0.02351,0.01651852,NO_SIGNAL,NO_SIGNAL,NO_SIGNAL,0.02449,-0.00699148,llm_mass_too_high,true,mid,
2026-06-29T18:23:26Z,RSO-0153,Brazil Presidential Election First Round: 3rd Place,Eduardo Leite,0.0015,0.12,0.061224,0.03703704,0.1185,0.059724,0.03553704,0.1185,0.059724,0.03553704,LLM_HIGHER,NO_SIGNAL,NO_SIGNAL,0.058776,-0.02418696,llm_mass_too_high,true,mid,
2026-06-29T18:23:26Z,RSO-0154,Brazil Presidential Election First Round: 3rd Place,Helder Barbalho,0.0015,0.05,0.02551,0.01851852,0.0485,0.02401,0.01701852,0.0485,0.02401,0.01701852,NO_SIGNAL,NO_SIGNAL,NO_SIGNAL,0.02449,-0.00699148,llm_mass_too_high,true,mid,
2026-06-29T18:23:26Z,RSO-0160,Next Prime Minister of Sweden,Magdalena Andersson,0.735,0.45,0.48913,0.42168675,-0.285,-0.24587,-0.31331325,0.285,0.24587,0.31331325,MARKET_HIGHER,MARKET_HIGHER,MARKET_HIGHER,-0.03913,-0.06744325,,true,mid,
2026-06-29T18:23:26Z,RSO-0161,Next Prime Minister of Sweden,Ulf Kristersson,0.215,0.15,0.163043,0.24096386,-0.065,-0.051957,0.02596386,0.065,0.051957,0.02596386,NO_SIGNAL,NO_SIGNAL,NO_SIGNAL,-0.013043,0.07792086,,true,mid,
2026-06-29T18:23:26Z,RSO-0162,Next Prime Minister of Sweden,Jimmie Åkesson,0.0185,0.15,0.163043,0.18072289,0.1315,0.144543,0.16222289,0.1315,0.144543,0.16222289,LLM_HIGHER,LLM_HIGHER,LLM_HIGHER,-0.013043,0.01767989,,true,mid,
2026-06-29T18:23:26Z,RSO-0163,Next Prime Minister of Sweden,Ebba Busch,0.0035,0.05,0.054348,0.06024096,0.0465,0.050848,0.05674096,0.0465,0.050848,0.05674096,NO_SIGNAL,NO_SIGNAL,NO_SIGNAL,-0.004348,0.00589296,,true,mid,
2026-06-29T18:23:26Z,RSO-0164,Next Prime Minister of Sweden,Anna-Karin Hatt,0.0025,0.02,0.021739,0.02409639,0.0175,0.019239,0.02159639,0.0175,0.019239,0.02159639,NO_SIGNAL,NO_SIGNAL,NO_SIGNAL,-0.001739,0.00235739,,true,mid,
2026-06-29T18:23:26Z,RSO-0165,Next Prime Minister of Sweden,Nooshi Dadgostar,0.0015,0.01,0.01087,0.01807229,0.0085,0.00937,0.01657229,0.0085,0.00937,0.01657229,NO_SIGNAL,NO_SIGNAL,NO_SIGNAL,-0.00087,0.00720229,,true,mid,
2026-06-29T18:23:26Z,RSO-0166,Next Prime Minister of Sweden,Amanda Lind,0.0015,0.05,0.054348,0.01807229,0.0485,0.052848,0.01657229,0.0485,0.052848,0.01657229,NO_SIGNAL,NO_SIGNAL,NO_SIGNAL,-0.004348,-0.03627571,,true,mid,
2026-06-29T18:23:26Z,RSO-0167,Next Prime Minister of Sweden,Simona Mohamsson,0.0015,0.01,0.01087,0.01204819,0.0085,0.00937,0.01054819,0.0085,0.00937,0.01054819,NO_SIGNAL,NO_SIGNAL,NO_SIGNAL,-0.00087,0.00117819,,true,mid,
2026-06-29T18:23:26Z,RSO-0168,Next Prime Minister of Sweden,Daniel Helldén,0.0015,0.01,0.01087,0.01204819,0.0085,0.00937,0.01054819,0.0085,0.00937,0.01054819,NO_SIGNAL,NO_SIGNAL,NO_SIGNAL,-0.00087,0.00117819,,true,mid,
2026-06-29T18:23:26Z,RSO-0169,Next Prime Minister of Sweden,Elisabeth Thand Ringqvist,0.0015,0.02,0.021739,0.01204819,0.0185,0.020239,0.01054819,0.0185,0.020239,0.01054819,NO_SIGNAL,NO_SIGNAL,NO_SIGNAL,-0.001739,-0.00969081,,true,mid,
2026-06-29T18:23:26Z,RSO-0170,Sweden Parliamentary Election Winner,Swedish Social Democratic Party (S),0.945,0.45,0.584416,0.45,-0.495,-0.360584,-0.495,0.495,0.360584,0.495,MARKET_HIGHER,MARKET_HIGHER,MARKET_HIGHER,-0.134416,-0.134416,,true,mid,
2026-06-29T18:23:26Z,RSO-0171,Sweden Parliamentary Election Winner,Sweden Democrats (SD),0.032,0.15,0.194805,0.3,0.118,0.162805,0.268,0.118,0.162805,0.268,LLM_HIGHER,LLM_HIGHER,LLM_HIGHER,-0.044805,0.105195,,true,mid,
2026-06-29T18:23:26Z,RSO-0172,Sweden Parliamentary Election Winner,Green Party (MP),0.007,0.12,0.155844,0.15,0.113,0.148844,0.143,0.113,0.148844,0.143,LLM_HIGHER,LLM_HIGHER,LLM_HIGHER,-0.035844,-0.005844,,true,mid,
2026-06-29T18:23:26Z,RSO-0173,Sweden Parliamentary Election Winner,Christian Democrats (KD),0.004,0.05,0.064935,0.1,0.046,0.060935,0.096,0.046,0.060935,0.096,NO_SIGNAL,NO_SIGNAL,NO_SIGNAL,-0.014935,0.035065,,true,mid,
2026-06-29T18:23:26Z,RSO-0181,Quebec General Election Winner,PQ,0.625,0.35,0.327103,0.36842105,-0.275,-0.297897,-0.25657895,0.275,0.297897,0.25657895,MARKET_HIGHER,MARKET_HIGHER,MARKET_HIGHER,0.022897,0.04131805,,true,mid,
2026-06-29T18:23:26Z,RSO-0182,Quebec General Election Winner,PLQ,0.175,0.35,0.327103,0.31578947,0.175,0.152103,0.14078947,0.175,0.152103,0.14078947,LLM_HIGHER,LLM_HIGHER,LLM_HIGHER,0.022897,-0.01131353,,true,mid,
2026-06-29T18:23:26Z,RSO-0183,Quebec General Election Winner,CAQ,0.215,0.15,0.140187,0.15789474,-0.065,-0.074813,-0.05710526,0.065,0.074813,0.05710526,NO_SIGNAL,NO_SIGNAL,NO_SIGNAL,0.009813,0.01770774,,true,mid,
2026-06-29T18:23:26Z,RSO-0184,Quebec General Election Winner,PCQ,0.0025,0.12,0.11215,0.05263158,0.1175,0.10965,0.05013158,0.1175,0.10965,0.05013158,LLM_HIGHER,LLM_HIGHER,NO_SIGNAL,0.00785,-0.05951842,,true,mid,
2026-06-29T18:23:26Z,RSO-0185,Quebec General Election Winner,QS,0.0025,0.05,0.046729,0.05263158,0.0475,0.044229,0.05013158,0.0475,0.044229,0.05013158,NO_SIGNAL,NO_SIGNAL,NO_SIGNAL,0.003271,0.00590258,,true,mid,
2026-06-29T18:23:26Z,RSO-0186,Quebec General Election Winner,PVQ,0.002,0.05,0.046729,0.05263158,0.048,0.044729,0.05063158,0.048,0.044729,0.05063158,NO_SIGNAL,NO_SIGNAL,NO_SIGNAL,0.003271,0.00590258,,true,mid,
2026-06-29T18:23:26Z,RSO-0195,Vancouver Mayoral Election Winner,Kareem Allam,0.505,0.12,0.146341,0.16666667,-0.385,-0.358659,-0.33833333,0.385,0.358659,0.33833333,MARKET_HIGHER,MARKET_HIGHER,MARKET_HIGHER,-0.026341,0.02032567,,true,mid,
2026-06-29T18:23:26Z,RSO-0196,Vancouver Mayoral Election Winner,Ken Sim,0.285,0.35,0.426829,0.27777778,0.065,0.141829,-0.00722222,0.065,0.141829,0.00722222,NO_SIGNAL,LLM_HIGHER,NO_SIGNAL,-0.076829,-0.14905122,,true,mid,
2026-06-29T18:23:26Z,RSO-0197,Vancouver Mayoral Election Winner,Pete Fry,0.1,0.05,0.060976,0.11111111,-0.05,-0.039024,0.01111111,0.05,0.039024,0.01111111,NO_SIGNAL,NO_SIGNAL,NO_SIGNAL,-0.010976,0.05013511,,true,mid,
2026-06-29T18:23:26Z,RSO-0198,Vancouver Mayoral Election Winner,William Azaroff,0.0465,0.05,0.060976,0.02222222,0.0035,0.014476,-0.02427778,0.0035,0.014476,0.02427778,NO_SIGNAL,NO_SIGNAL,NO_SIGNAL,-0.010976,-0.03875378,,true,mid,
2026-06-29T18:23:26Z,RSO-0199,Vancouver Mayoral Election Winner,Colleen Hardwick,0.009,0.05,0.060976,0.11111111,0.041,0.051976,0.10211111,0.041,0.051976,0.10211111,NO_SIGNAL,NO_SIGNAL,LLM_HIGHER,-0.010976,0.05013511,,true,mid,
2026-06-29T18:23:26Z,RSO-0200,Vancouver Mayoral Election Winner,John Coupar,0.009,0.02,0.02439,0.02222222,0.011,0.01539,0.01322222,0.011,0.01539,0.01322222,NO_SIGNAL,NO_SIGNAL,NO_SIGNAL,-0.00439,-0.00216778,,true,mid,
2026-06-29T18:23:26Z,RSO-0201,Vancouver Mayoral Election Winner,Rebecca Bligh,0.005,0.05,0.060976,0.05555556,0.045,0.055976,0.05055556,0.045,0.055976,0.05055556,NO_SIGNAL,NO_SIGNAL,NO_SIGNAL,-0.010976,-0.00542044,,true,mid,
2026-06-29T18:23:26Z,RSO-0202,Vancouver Mayoral Election Winner,Sean Orr,0.0045,0.02,0.02439,0.05555556,0.0155,0.01989,0.05105556,0.0155,0.01989,0.05105556,NO_SIGNAL,NO_SIGNAL,NO_SIGNAL,-0.00439,0.03116556,,true,mid,
2026-06-29T18:23:26Z,RSO-0203,Vancouver Mayoral Election Winner,Amanda Burrows,0.0025,0.05,0.060976,0.05555556,0.0475,0.058476,0.05305556,0.0475,0.058476,0.05305556,NO_SIGNAL,NO_SIGNAL,NO_SIGNAL,-0.010976,-0.00542044,,true,mid,
2026-06-29T18:23:26Z,RSO-0204,Vancouver Mayoral Election Winner,Tim Louis,0.003,0.02,0.02439,0.05555556,0.017,0.02139,0.05255556,0.017,0.02139,0.05255556,NO_SIGNAL,NO_SIGNAL,NO_SIGNAL,-0.00439,0.03116556,,true,mid,
2026-06-29T18:23:26Z,RSO-0205,Vancouver Mayoral Election Winner,Fred Harding,0.0025,0.02,0.02439,0.03333333,0.0175,0.02189,0.03083333,0.0175,0.02189,0.03083333,NO_SIGNAL,NO_SIGNAL,NO_SIGNAL,-0.00439,0.00894333,,true,mid,
2026-06-29T18:23:26Z,RSO-0206,Vancouver Mayoral Election Winner,Kirk LaPointe,0.006,0.02,0.02439,0.03333333,0.014,0.01839,0.02733333,0.014,0.01839,0.02733333,NO_SIGNAL,NO_SIGNAL,NO_SIGNAL,-0.00439,0.00894333,,true,mid,
2026-06-29T18:23:26Z,RSO-0207,Next Prime Minister of Israel after next election,Gadi Eizenkot,0.416,0.15,0.09434,0.21390374,-0.266,-0.32166,-0.20209626,0.266,0.32166,0.20209626,MARKET_HIGHER,MARKET_HIGHER,MARKET_HIGHER,0.05566,0.11956374,llm_mass_too_high,true,mid,
2026-06-29T18:23:26Z,RSO-0208,Next Prime Minister of Israel after next election,Benjamin Netanyahu,0.335,0.45,0.283019,0.26737968,0.115,-0.051981,-0.06762032,0.115,0.051981,0.06762032,LLM_HIGHER,NO_SIGNAL,NO_SIGNAL,0.166981,-0.01563932,llm_mass_too_high,true,mid,
2026-06-29T18:23:26Z,RSO-0209,Next Prime Minister of Israel after next election,Naftali Bennett,0.125,0.15,0.09434,0.16042781,0.025,-0.03066,0.03542781,0.025,0.03066,0.03542781,NO_SIGNAL,NO_SIGNAL,NO_SIGNAL,0.05566,0.06608781,llm_mass_too_high,true,mid,
2026-06-29T18:23:26Z,RSO-0210,Next Prime Minister of Israel after next election,Avigdor Lieberman,0.037,0.05,0.031447,0.0855615,0.013,-0.005553,0.0485615,0.013,0.005553,0.0485615,NO_SIGNAL,NO_SIGNAL,NO_SIGNAL,0.018553,0.0541145,llm_mass_too_high,true,mid,
2026-06-29T18:23:26Z,RSO-0211,Next Prime Minister of Israel after next election,Itamar Ben Gvir,0.0115,0.05,0.031447,0.05347594,0.0385,0.019947,0.04197594,0.0385,0.019947,0.04197594,NO_SIGNAL,NO_SIGNAL,NO_SIGNAL,0.018553,0.02202894,llm_mass_too_high,true,mid,
2026-06-29T18:23:26Z,RSO-0212,Next Prime Minister of Israel after next election,Benny Gantz,0.0045,0.15,0.09434,0.05347594,0.1455,0.08984,0.04897594,0.1455,0.08984,0.04897594,LLM_HIGHER,NO_SIGNAL,NO_SIGNAL,0.05566,-0.04086406,llm_mass_too_high,true,mid,
2026-06-29T18:23:26Z,RSO-0213,Next Prime Minister of Israel after next election,Gilad Erdan,0.0065,0.05,0.031447,0.03208556,0.0435,0.024947,0.02558556,0.0435,0.024947,0.02558556,NO_SIGNAL,NO_SIGNAL,NO_SIGNAL,0.018553,0.00063856,llm_mass_too_high,true,mid,
2026-06-29T18:23:26Z,RSO-0214,Next Prime Minister of Israel after next election,Yariv Levin,0.0045,0.05,0.031447,0.02139037,0.0455,0.026947,0.01689037,0.0455,0.026947,0.01689037,NO_SIGNAL,NO_SIGNAL,NO_SIGNAL,0.018553,-0.01005663,llm_mass_too_high,true,mid,
2026-06-29T18:23:26Z,RSO-0215,Next Prime Minister of Israel after next election,Israel Katz,0.0045,0.05,0.031447,0.02139037,0.0455,0.026947,0.01689037,0.0455,0.026947,0.01689037,NO_SIGNAL,NO_SIGNAL,NO_SIGNAL,0.018553,-0.01005663,llm_mass_too_high,true,mid,
2026-06-29T18:23:26Z,RSO-0216,Next Prime Minister of Israel after next election,Amir Ohana,0.0045,0.05,0.031447,0.01604278,0.0455,0.026947,0.01154278,0.0455,0.026947,0.01154278,NO_SIGNAL,NO_SIGNAL,NO_SIGNAL,0.018553,-0.01540422,llm_mass_too_high,true,mid,
2026-06-29T18:23:26Z,RSO-0217,Next Prime Minister of Israel after next election,Gideon Sa’ar,0.0045,0.05,0.031447,0.01604278,0.0455,0.026947,0.01154278,0.0455,0.026947,0.01154278,NO_SIGNAL,NO_SIGNAL,NO_SIGNAL,0.018553,-0.01540422,llm_mass_too_high,true,mid,
2026-06-29T18:23:26Z,RSO-0218,Next Prime Minister of Israel after next election,Yoaz Hendel,0.0055,0.05,0.031447,0.01069519,0.0445,0.025947,0.00519519,0.0445,0.025947,0.00519519,NO_SIGNAL,NO_SIGNAL,NO_SIGNAL,0.018553,-0.02075181,llm_mass_too_high,true,mid,
2026-06-29T18:23:26Z,RSO-0219,Next Prime Minister of Israel after next election,Yair Lapid,0.0075,0.15,0.09434,0.01069519,0.1425,0.08684,0.00319519,0.1425,0.08684,0.00319519,LLM_HIGHER,NO_SIGNAL,NO_SIGNAL,0.05566,-0.08364481,llm_mass_too_high,true,mid,
2026-06-29T18:23:26Z,RSO-0220,Next Prime Minister of Israel after next election,Yossi Cohen,0.004,0.02,0.012579,0.01069519,0.016,0.008579,0.00669519,0.016,0.008579,0.00669519,NO_SIGNAL,NO_SIGNAL,NO_SIGNAL,0.007421,-0.00188381,llm_mass_too_high,true,mid,
2026-06-29T18:23:26Z,RSO-0221,Next Prime Minister of Israel after next election,Yair Golan,0.0035,0.05,0.031447,0.01069519,0.0465,0.027947,0.00719519,0.0465,0.027947,0.00719519,NO_SIGNAL,NO_SIGNAL,NO_SIGNAL,0.018553,-0.02075181,llm_mass_too_high,true,mid,
2026-06-29T18:23:26Z,RSO-0222,Next Prime Minister of Israel after next election,Nir Barkat,0.0025,0.01,0.006289,0.00534759,0.0075,0.003789,0.00284759,0.0075,0.003789,0.00284759,NO_SIGNAL,NO_SIGNAL,NO_SIGNAL,0.003711,-0.00094141,llm_mass_too_high,true,mid,
2026-06-29T18:23:26Z,RSO-0223,Next Prime Minister of Israel after next election,Ayelet Shaked,0.0015,0.05,0.031447,0.00534759,0.0485,0.029947,0.00384759,0.0485,0.029947,0.00384759,NO_SIGNAL,NO_SIGNAL,NO_SIGNAL,0.018553,-0.02609941,llm_mass_too_high,true,mid,
2026-06-29T18:23:26Z,RSO-0224,Next Prime Minister of Israel after next election,Moshe Feiglin,0.0025,0.01,0.006289,0.00534759,0.0075,0.003789,0.00284759,0.0075,0.003789,0.00284759,NO_SIGNAL,NO_SIGNAL,NO_SIGNAL,0.003711,-0.00094141,llm_mass_too_high,true,mid,
2026-06-29T18:23:26Z,RSO-0225,Israeli Legislative Election Winner,Likud,0.37,0.35,0.388889,0.35,-0.02,0.018889,-0.02,0.02,0.018889,0.02,NO_SIGNAL,NO_SIGNAL,NO_SIGNAL,-0.038889,-0.038889,,true,mid,
2026-06-29T18:23:26Z,RSO-0226,Israeli Legislative Election Winner,Yashar,0.365,0.25,0.277778,0.3,-0.115,-0.087222,-0.065,0.115,0.087222,0.065,MARKET_HIGHER,NO_SIGNAL,NO_SIGNAL,-0.027778,0.022222,,true,mid,
2026-06-29T18:23:26Z,RSO-0227,Israeli Legislative Election Winner,Together,0.27,0.15,0.166667,0.1,-0.12,-0.103333,-0.17,0.12,0.103333,0.17,MARKET_HIGHER,MARKET_HIGHER,MARKET_HIGHER,-0.016667,-0.066667,,true,mid,
2026-06-29T18:23:26Z,RSO-0228,Israeli Legislative Election Winner,Shas,0.0025,0.05,0.055556,0.05,0.0475,0.053056,0.0475,0.0475,0.053056,0.0475,NO_SIGNAL,NO_SIGNAL,NO_SIGNAL,-0.005556,-0.005556,,true,mid,
2026-06-29T18:23:26Z,RSO-0229,Israeli Legislative Election Winner,The Democrats,0.0025,0.05,0.055556,0.05,0.0475,0.053056,0.0475,0.0475,0.053056,0.0475,NO_SIGNAL,NO_SIGNAL,NO_SIGNAL,-0.005556,-0.005556,,true,mid,
2026-06-29T18:23:26Z,RSO-0230,Israeli Legislative Election Winner,Otzma Yehudit,0.003,0.05,0.055556,0.15,0.047,0.052556,0.147,0.047,0.052556,0.147,NO_SIGNAL,NO_SIGNAL,LLM_HIGHER,-0.005556,0.094444,,true,mid,
2026-06-29T18:23:26Z,RSO-0231,Next Prime Minister of New Zealand,Chris Hipkins,0.535,0.15,0.147059,0.25,-0.385,-0.387941,-0.285,0.385,0.387941,0.285,MARKET_HIGHER,MARKET_HIGHER,MARKET_HIGHER,0.002941,0.102941,,true,mid,
2026-06-29T18:23:26Z,RSO-0232,Next Prime Minister of New Zealand,Christopher Luxon,0.445,0.65,0.637255,0.45,0.205,0.192255,0.005,0.205,0.192255,0.005,LLM_HIGHER,LLM_HIGHER,NO_SIGNAL,0.012745,-0.187255,,true,mid,
2026-06-29T18:23:26Z,RSO-0233,Next Prime Minister of New Zealand,Nicola Willis,0.023,0.05,0.04902,0.05,0.027,0.02602,0.027,0.027,0.02602,0.027,NO_SIGNAL,NO_SIGNAL,NO_SIGNAL,0.00098,0.00098,,true,mid,
2026-06-29T18:23:26Z,RSO-0234,Next Prime Minister of New Zealand,Winston Peters,0.02,0.05,0.04902,0.1,0.03,0.02902,0.08,0.03,0.02902,0.08,NO_SIGNAL,NO_SIGNAL,NO_SIGNAL,0.00098,0.05098,,true,mid,
2026-06-29T18:23:26Z,RSO-0235,Next Prime Minister of New Zealand,Carmel Sepuloni,0.0065,0.05,0.04902,0.05,0.0435,0.04252,0.0435,0.0435,0.04252,0.0435,NO_SIGNAL,NO_SIGNAL,NO_SIGNAL,0.00098,0.00098,,true,mid,
2026-06-29T18:23:26Z,RSO-0236,Next Prime Minister of New Zealand,Chlöe Swarbrick,0.0045,0.02,0.019608,0.05,0.0155,0.015108,0.0455,0.0155,0.015108,0.0455,NO_SIGNAL,NO_SIGNAL,NO_SIGNAL,0.000392,0.030392,,true,mid,
2026-06-29T18:23:26Z,RSO-0237,Next Prime Minister of New Zealand,David Seymour,0.0035,0.05,0.04902,0.05,0.0465,0.04552,0.0465,0.0465,0.04552,0.0465,NO_SIGNAL,NO_SIGNAL,NO_SIGNAL,0.00098,0.00098,,true,mid,
2026-06-29T18:23:26Z,RSO-0238,New Zealand legislative election winner,Labour Party,0.665,0.25,0.3125,0.35,-0.415,-0.3525,-0.315,0.415,0.3525,0.315,MARKET_HIGHER,MARKET_HIGHER,MARKET_HIGHER,-0.0625,0.0375,,true,mid,
2026-06-29T18:23:26Z,RSO-0239,New Zealand legislative election winner,National Party,0.345,0.45,0.5625,0.45,0.105,0.2175,0.105,0.105,0.2175,0.105,LLM_HIGHER,LLM_HIGHER,LLM_HIGHER,-0.1125,-0.1125,,true,mid,
2026-06-29T18:23:26Z,RSO-0240,New Zealand legislative election winner,New Zealand First Party,0.0035,0.05,0.0625,0.1,0.0465,0.059,0.0965,0.0465,0.059,0.0965,NO_SIGNAL,NO_SIGNAL,NO_SIGNAL,-0.0125,0.0375,,true,mid,
2026-06-29T18:23:26Z,RSO-0241,New Zealand legislative election winner,Green Party,0.0015,0.05,0.0625,0.1,0.0485,0.061,0.0985,0.0485,0.061,0.0985,NO_SIGNAL,NO_SIGNAL,NO_SIGNAL,-0.0125,0.0375,,true,mid,
