group_estimate_id,run_id,timestamp_utc,prompt_version,model_backend,model_name,parent_market_name,group_key,group_n,tracking_id,primary_outcome_to_track,outcome_contract_question,region,bucket,system_type,underlying_event_group,gamma_market_id,condition_id,exact_polymarket_slug,market_url,token_id,group_fair_value_raw,group_fair_value_norm,group_confidence,outcome_rationale_short,group_rationale_short,key_uncertainties_json,allocation_sum_raw,normalization_applied,evidence_packet_paths_json,prompt_hash,raw_response,parse_status,error,comparison_price,price_type,liquidity_flags,signal_ready
20260629T181331Z:Alaska Senate Election Winner:RSO-0030,20260629T181331Z,2026-06-29T18:13:31Z,group_fair_value_v0.1,mock,qwen3:8b,Alaska Senate Election Winner,Alaska Senate Election Winner,5,RSO-0030,Mary Peltola,Will Mary Peltola win the Alaska Senate race in 2026?,US,us_senate,us_statewide,alaska_senate_2026,634976,0x19d2ff72e389d190c183e6b114817301d29eba651d67d75a38ee201a05188fd9,will-mary-peltola-win-the-alaska-senate-race-in-2026,https://polymarket.com/event/will-mary-peltola-win-the-alaska-senate-race-in-2026,72139607190315861034411702195742538105117960260100800877125381826122747504258,0.07720588,0.07720588,0.25,Mock allocation.,MOCK group estimate for pipeline testing only.,"[""mock mode"", ""no real evidence used""]",0.99999999,false,"[""evidence/shared/us_midterms_context.md"", ""evidence/parents/alaska-senate-2026.md"", ""evidence/parents/alaska-senate-election-winner.md"", ""evidence/markets/RSO-0030.md"", ""evidence/markets/RSO-0031.md"", ""evidence/markets/RSO-0032.md"", ""evidence/markets/RSO-0033.md"", ""evidence/markets/RSO-0034.md""]",03eec6a64e873561,"{""group_confidence"": 0.25, ""group_rationale_short"": ""MOCK group estimate for pipeline testing only."", ""key_uncertainties"": [""mock mode"", ""no real evidence used""], ""allocations"": [{""tracking_id"": ""RSO-0030"", ""fair_value"": 0.07720588235294118, ""rationale_short"": ""Mock allocation.""}, {""tracking_id"": ""RSO-0031"", ""fair_value"": 0.06985294117647059, ""rationale_short"": ""Mock allocation.""}, {""tracking_id"": ""RSO-0032"", ""fair_value"": 0.23897058823529413, ""rationale_short"": ""Mock allocation.""}, {""tracking_id"": ""RSO-0033"", ""fair_value"": 0.2757352941176471, ""rationale_short"": ""Mock allocation.""}, {""tracking_id"": ""RSO-0034"", ""fair_value"": 0.3382352941176471, ""rationale_short"": ""Mock allocation.""}]}",OK,,0.695,mid,,true
20260629T181331Z:Alaska Senate Election Winner:RSO-0031,20260629T181331Z,2026-06-29T18:13:31Z,group_fair_value_v0.1,mock,qwen3:8b,Alaska Senate Election Winner,Alaska Senate Election Winner,5,RSO-0031,Dan Sullivan,Will Dan Sullivan win the Alaska Senate race in 2026?,US,us_senate,us_statewide,alaska_senate_2026,634974,0x741bb46008b72234857c5118c8365ab3c2f69dbf28b30b59de04f173b8a778de,will-dan-sullivan-win-the-alaska-senate-race-in-2026,https://polymarket.com/event/will-dan-sullivan-win-the-alaska-senate-race-in-2026,2618138322856109565904469085316346602627882727483900432328802655317079880335,0.06985294,0.06985294,0.25,Mock allocation.,MOCK group estimate for pipeline testing only.,"[""mock mode"", ""no real evidence used""]",0.99999999,false,"[""evidence/shared/us_midterms_context.md"", ""evidence/parents/alaska-senate-2026.md"", ""evidence/parents/alaska-senate-election-winner.md"", ""evidence/markets/RSO-0030.md"", ""evidence/markets/RSO-0031.md"", ""evidence/markets/RSO-0032.md"", ""evidence/markets/RSO-0033.md"", ""evidence/markets/RSO-0034.md""]",03eec6a64e873561,"{""group_confidence"": 0.25, ""group_rationale_short"": ""MOCK group estimate for pipeline testing only."", ""key_uncertainties"": [""mock mode"", ""no real evidence used""], ""allocations"": [{""tracking_id"": ""RSO-0030"", ""fair_value"": 0.07720588235294118, ""rationale_short"": ""Mock allocation.""}, {""tracking_id"": ""RSO-0031"", ""fair_value"": 0.06985294117647059, ""rationale_short"": ""Mock allocation.""}, {""tracking_id"": ""RSO-0032"", ""fair_value"": 0.23897058823529413, ""rationale_short"": ""Mock allocation.""}, {""tracking_id"": ""RSO-0033"", ""fair_value"": 0.2757352941176471, ""rationale_short"": ""Mock allocation.""}, {""tracking_id"": ""RSO-0034"", ""fair_value"": 0.3382352941176471, ""rationale_short"": ""Mock allocation.""}]}",OK,,0.305,mid,,true
20260629T181331Z:Alaska Senate Election Winner:RSO-0032,20260629T181331Z,2026-06-29T18:13:31Z,group_fair_value_v0.1,mock,qwen3:8b,Alaska Senate Election Winner,Alaska Senate Election Winner,5,RSO-0032,Dustin Darden,Will Dustin Darden win the Alaska Senate race in 2026?,US,us_senate,us_statewide,alaska_senate_2026,634977,0xec751bd3e1cf4d22a1dee41ee85c7304bdb7b6ed6dccc807e88ef2603b4a6449,will-dustin-darden-win-the-alaska-senate-race-in-2026,https://polymarket.com/event/will-dustin-darden-win-the-alaska-senate-race-in-2026,29311755935786363205680204536643787054260832125056777867606384726291200747800,0.23897059,0.23897059,0.25,Mock allocation.,MOCK group estimate for pipeline testing only.,"[""mock mode"", ""no real evidence used""]",0.99999999,false,"[""evidence/shared/us_midterms_context.md"", ""evidence/parents/alaska-senate-2026.md"", ""evidence/parents/alaska-senate-election-winner.md"", ""evidence/markets/RSO-0030.md"", ""evidence/markets/RSO-0031.md"", ""evidence/markets/RSO-0032.md"", ""evidence/markets/RSO-0033.md"", ""evidence/markets/RSO-0034.md""]",03eec6a64e873561,"{""group_confidence"": 0.25, ""group_rationale_short"": ""MOCK group estimate for pipeline testing only."", ""key_uncertainties"": [""mock mode"", ""no real evidence used""], ""allocations"": [{""tracking_id"": ""RSO-0030"", ""fair_value"": 0.07720588235294118, ""rationale_short"": ""Mock allocation.""}, {""tracking_id"": ""RSO-0031"", ""fair_value"": 0.06985294117647059, ""rationale_short"": ""Mock allocation.""}, {""tracking_id"": ""RSO-0032"", ""fair_value"": 0.23897058823529413, ""rationale_short"": ""Mock allocation.""}, {""tracking_id"": ""RSO-0033"", ""fair_value"": 0.2757352941176471, ""rationale_short"": ""Mock allocation.""}, {""tracking_id"": ""RSO-0034"", ""fair_value"": 0.3382352941176471, ""rationale_short"": ""Mock allocation.""}]}",OK,,0.001,ask_only,no_bids,true
20260629T181331Z:Alaska Senate Election Winner:RSO-0033,20260629T181331Z,2026-06-29T18:13:31Z,group_fair_value_v0.1,mock,qwen3:8b,Alaska Senate Election Winner,Alaska Senate Election Winner,5,RSO-0033,Ann Diener,Will Ann Diener win the Alaska Senate race in 2026?,US,us_senate,us_statewide,alaska_senate_2026,634975,0xa26ab383a1f115fa8d2b0fcbac29bcd6a9843ec8c1d160b0a122917230c3c96a,will-ann-diener-win-the-alaska-senate-race-in-2026,https://polymarket.com/event/will-ann-diener-win-the-alaska-senate-race-in-2026,20310786951537091150920478212676759242565921145568245906943451694162568762258,0.27573529,0.27573529,0.25,Mock allocation.,MOCK group estimate for pipeline testing only.,"[""mock mode"", ""no real evidence used""]",0.99999999,false,"[""evidence/shared/us_midterms_context.md"", ""evidence/parents/alaska-senate-2026.md"", ""evidence/parents/alaska-senate-election-winner.md"", ""evidence/markets/RSO-0030.md"", ""evidence/markets/RSO-0031.md"", ""evidence/markets/RSO-0032.md"", ""evidence/markets/RSO-0033.md"", ""evidence/markets/RSO-0034.md""]",03eec6a64e873561,"{""group_confidence"": 0.25, ""group_rationale_short"": ""MOCK group estimate for pipeline testing only."", ""key_uncertainties"": [""mock mode"", ""no real evidence used""], ""allocations"": [{""tracking_id"": ""RSO-0030"", ""fair_value"": 0.07720588235294118, ""rationale_short"": ""Mock allocation.""}, {""tracking_id"": ""RSO-0031"", ""fair_value"": 0.06985294117647059, ""rationale_short"": ""Mock allocation.""}, {""tracking_id"": ""RSO-0032"", ""fair_value"": 0.23897058823529413, ""rationale_short"": ""Mock allocation.""}, {""tracking_id"": ""RSO-0033"", ""fair_value"": 0.2757352941176471, ""rationale_short"": ""Mock allocation.""}, {""tracking_id"": ""RSO-0034"", ""fair_value"": 0.3382352941176471, ""rationale_short"": ""Mock allocation.""}]}",OK,,0.001,ask_only,no_bids,true
20260629T181331Z:Alaska Senate Election Winner:RSO-0034,20260629T181331Z,2026-06-29T18:13:31Z,group_fair_value_v0.1,mock,qwen3:8b,Alaska Senate Election Winner,Alaska Senate Election Winner,5,RSO-0034,Richard Grayson,Will Richard Grayson win the Alaska Senate race in 2026?,US,us_senate,us_statewide,alaska_senate_2026,634978,0x998ee2bd25cea8e07eaf1b1f1be82ba6c3ecfd74c28a87497786103d84fd06d8,will-richard-grayson-win-the-alaska-senate-race-in-2026,https://polymarket.com/event/will-richard-grayson-win-the-alaska-senate-race-in-2026,59588004575158257289531312065982350985369269880352045258164216668046489178917,0.33823529,0.33823529,0.25,Mock allocation.,MOCK group estimate for pipeline testing only.,"[""mock mode"", ""no real evidence used""]",0.99999999,false,"[""evidence/shared/us_midterms_context.md"", ""evidence/parents/alaska-senate-2026.md"", ""evidence/parents/alaska-senate-election-winner.md"", ""evidence/markets/RSO-0030.md"", ""evidence/markets/RSO-0031.md"", ""evidence/markets/RSO-0032.md"", ""evidence/markets/RSO-0033.md"", ""evidence/markets/RSO-0034.md""]",03eec6a64e873561,"{""group_confidence"": 0.25, ""group_rationale_short"": ""MOCK group estimate for pipeline testing only."", ""key_uncertainties"": [""mock mode"", ""no real evidence used""], ""allocations"": [{""tracking_id"": ""RSO-0030"", ""fair_value"": 0.07720588235294118, ""rationale_short"": ""Mock allocation.""}, {""tracking_id"": ""RSO-0031"", ""fair_value"": 0.06985294117647059, ""rationale_short"": ""Mock allocation.""}, {""tracking_id"": ""RSO-0032"", ""fair_value"": 0.23897058823529413, ""rationale_short"": ""Mock allocation.""}, {""tracking_id"": ""RSO-0033"", ""fair_value"": 0.2757352941176471, ""rationale_short"": ""Mock allocation.""}, {""tracking_id"": ""RSO-0034"", ""fair_value"": 0.3382352941176471, ""rationale_short"": ""Mock allocation.""}]}",OK,,0.001,ask_only,no_bids,true
20260629T181331Z:Brazil Presidential Election:RSO-0076,20260629T181331Z,2026-06-29T18:13:31Z,group_fair_value_v0.1,mock,qwen3:8b,Brazil Presidential Election,Brazil Presidential Election,17,RSO-0076,Luiz Inácio Lula da Silva,Will Luiz Inácio Lula da Silva win the 2026 Brazilian presidential election?,Brazil,brazil_presidential,presidential_two_round,brazil_president_winner_2026,601819,0xdf8e2dc5860027decbe6164555c3c1c9645c3bd33e16b9dc57ca87125047d4a8,will-luiz-incio-lula-da-silva-win-the-2026-brazilian-presidential-election,https://polymarket.com/event/will-luiz-incio-lula-da-silva-win-the-2026-brazilian-presidential-election,30630994248667897740988010928640156931882346081873066002335460180076741328029,0.07692308,0.07692308,0.25,Mock allocation.,MOCK group estimate for pipeline testing only.,"[""mock mode"", ""no real evidence used""]",0.99999998,false,"[""evidence/shared/brazil_context.md"", ""evidence/parents/brazil-president-winner-2026.md"", ""evidence/parents/brazil-presidential-election.md""]",a29ddd32d0c0c158,"{""group_confidence"": 0.25, ""group_rationale_short"": ""MOCK group estimate for pipeline testing only."", ""key_uncertainties"": [""mock mode"", ""no real evidence used""], ""allocations"": [{""tracking_id"": ""RSO-0076"", ""fair_value"": 0.07692307692307693, ""rationale_short"": ""Mock allocation.""}, {""tracking_id"": ""RSO-0077"", ""fair_value"": 0.07362637362637363, ""rationale_short"": ""Mock allocation.""}, {""tracking_id"": ""RSO-0078"", ""fair_value"": 0.07582417582417582, ""rationale_short"": ""Mock allocation.""}, {""tracking_id"": ""RSO-0079"", ""fair_value"": 0.013186813186813187, ""rationale_short"": ""Mock allocation.""}, {""tracking_id"": ""RSO-0080"", ""fair_value"": 0.05384615384615385, ""rationale_short"": ""Mock allocation.""}, {""tracking_id"": ""RSO-0081"", ""fair_value"": 0.024175824175824177, ""rationale_short"": ""Mock allocation.""}, {""tracking_id"": ""RSO-0082"", ""fair_value"": 0.1021978021978022, ""rationale_short"": ""Mock allocation.""}, {""tracking_id"": ""RSO-0083"", ""fair_value"": 0.07802197802197802, ""rationale_short"": ""Mock allocation.""}, {""tracking_id"": ""RSO-0084"", ""fair_value"": 0.07142857142857142, ""rationale_short"": ""Mock allocation.""}, {""tracking_id"": ""RSO-0085"", ""fair_value"": 0.0032967032967032967, ""rationale_short"": ""Mock allocation.""}, {""tracking_id"": ""RSO-0086"", ""fair_value"": 0.08461538461538462, ""rationale_short"": ""Mock allocation.""}, {""tracking_id"": ""RSO-0087"", ""fair_value"": 0.07692307692307693, ""rationale_short"": ""Mock allocation.""}, {""tracking_id"": ""RSO-0088"", ""fair_value"": 0.08241758241758242, ""rationale_short"": ""Mock allocation.""}, {""tracking_id"": ""RSO-0089"", ""fair_value"": 0.051648351648351645, ""rationale_short"": ""Mock allocation.""}, {""tracking_id"": ""RSO-0090"", ""fair_value"": 0.1043956043956044, ""rationale_short"": ""Mock allocation.""}, {""tracking_id"": ""RSO-0091"", ""fair_value"": 0.017582417582417582, ""rationale_short"": ""Mock allocation.""}, {""tracking_id"": ""RSO-0092"", ""fair_value"": 0.00989010989010989, ""rationale_short"": ""Mock allocation.""}]}",OK,,0.565,mid,,true
20260629T181331Z:Brazil Presidential Election:RSO-0077,20260629T181331Z,2026-06-29T18:13:31Z,group_fair_value_v0.1,mock,qwen3:8b,Brazil Presidential Election,Brazil Presidential Election,17,RSO-0077,Flávio Bolsonaro,Will Flávio Bolsonaro win the 2026 Brazilian presidential election?,Brazil,brazil_presidential,presidential_two_round,brazil_president_winner_2026,601826,0x1a01bf78f56a507fcb666d564d8c8b91b0750679163ed6e96746102c9b7d285d,will-flvio-bolsonaro-win-the-2026-brazilian-presidential-election,https://polymarket.com/event/will-flvio-bolsonaro-win-the-2026-brazilian-presidential-election,109876868437950584369987384406356259939519193117253465815665152916226511121427,0.07362637,0.07362637,0.25,Mock allocation.,MOCK group estimate for pipeline testing only.,"[""mock mode"", ""no real evidence used""]",0.99999998,false,"[""evidence/shared/brazil_context.md"", ""evidence/parents/brazil-president-winner-2026.md"", ""evidence/parents/brazil-presidential-election.md""]",a29ddd32d0c0c158,"{""group_confidence"": 0.25, ""group_rationale_short"": ""MOCK group estimate for pipeline testing only."", ""key_uncertainties"": [""mock mode"", ""no real evidence used""], ""allocations"": [{""tracking_id"": ""RSO-0076"", ""fair_value"": 0.07692307692307693, ""rationale_short"": ""Mock allocation.""}, {""tracking_id"": ""RSO-0077"", ""fair_value"": 0.07362637362637363, ""rationale_short"": ""Mock allocation.""}, {""tracking_id"": ""RSO-0078"", ""fair_value"": 0.07582417582417582, ""rationale_short"": ""Mock allocation.""}, {""tracking_id"": ""RSO-0079"", ""fair_value"": 0.013186813186813187, ""rationale_short"": ""Mock allocation.""}, {""tracking_id"": ""RSO-0080"", ""fair_value"": 0.05384615384615385, ""rationale_short"": ""Mock allocation.""}, {""tracking_id"": ""RSO-0081"", ""fair_value"": 0.024175824175824177, ""rationale_short"": ""Mock allocation.""}, {""tracking_id"": ""RSO-0082"", ""fair_value"": 0.1021978021978022, ""rationale_short"": ""Mock allocation.""}, {""tracking_id"": ""RSO-0083"", ""fair_value"": 0.07802197802197802, ""rationale_short"": ""Mock allocation.""}, {""tracking_id"": ""RSO-0084"", ""fair_value"": 0.07142857142857142, ""rationale_short"": ""Mock allocation.""}, {""tracking_id"": ""RSO-0085"", ""fair_value"": 0.0032967032967032967, ""rationale_short"": ""Mock allocation.""}, {""tracking_id"": ""RSO-0086"", ""fair_value"": 0.08461538461538462, ""rationale_short"": ""Mock allocation.""}, {""tracking_id"": ""RSO-0087"", ""fair_value"": 0.07692307692307693, ""rationale_short"": ""Mock allocation.""}, {""tracking_id"": ""RSO-0088"", ""fair_value"": 0.08241758241758242, ""rationale_short"": ""Mock allocation.""}, {""tracking_id"": ""RSO-0089"", ""fair_value"": 0.051648351648351645, ""rationale_short"": ""Mock allocation.""}, {""tracking_id"": ""RSO-0090"", ""fair_value"": 0.1043956043956044, ""rationale_short"": ""Mock allocation.""}, {""tracking_id"": ""RSO-0091"", ""fair_value"": 0.017582417582417582, ""rationale_short"": ""Mock allocation.""}, {""tracking_id"": ""RSO-0092"", ""fair_value"": 0.00989010989010989, ""rationale_short"": ""Mock allocation.""}]}",OK,,0.2215,mid,,true
20260629T181331Z:Brazil Presidential Election:RSO-0078,20260629T181331Z,2026-06-29T18:13:31Z,group_fair_value_v0.1,mock,qwen3:8b,Brazil Presidential Election,Brazil Presidential Election,17,RSO-0078,Renan Santos,Will Renan Santos win the 2026 Brazilian presidential election?,Brazil,brazil_presidential,presidential_two_round,brazil_president_winner_2026,601825,0x05297f854d3b757d5e51a1a29c7f225a80b14b2a161d6b7f9a61677da7a80ced,will-renan-santos-win-the-2026-brazilian-presidential-election,https://polymarket.com/event/will-renan-santos-win-the-2026-brazilian-presidential-election,93998891488819623915454849994768171534113749478841216025646247933473925258016,0.07582418,0.07582418,0.25,Mock allocation.,MOCK group estimate for pipeline testing only.,"[""mock mode"", ""no real evidence used""]",0.99999998,false,"[""evidence/shared/brazil_context.md"", ""evidence/parents/brazil-president-winner-2026.md"", ""evidence/parents/brazil-presidential-election.md""]",a29ddd32d0c0c158,"{""group_confidence"": 0.25, ""group_rationale_short"": ""MOCK group estimate for pipeline testing only."", ""key_uncertainties"": [""mock mode"", ""no real evidence used""], ""allocations"": [{""tracking_id"": ""RSO-0076"", ""fair_value"": 0.07692307692307693, ""rationale_short"": ""Mock allocation.""}, {""tracking_id"": ""RSO-0077"", ""fair_value"": 0.07362637362637363, ""rationale_short"": ""Mock allocation.""}, {""tracking_id"": ""RSO-0078"", ""fair_value"": 0.07582417582417582, ""rationale_short"": ""Mock allocation.""}, {""tracking_id"": ""RSO-0079"", ""fair_value"": 0.013186813186813187, ""rationale_short"": ""Mock allocation.""}, {""tracking_id"": ""RSO-0080"", ""fair_value"": 0.05384615384615385, ""rationale_short"": ""Mock allocation.""}, {""tracking_id"": ""RSO-0081"", ""fair_value"": 0.024175824175824177, ""rationale_short"": ""Mock allocation.""}, {""tracking_id"": ""RSO-0082"", ""fair_value"": 0.1021978021978022, ""rationale_short"": ""Mock allocation.""}, {""tracking_id"": ""RSO-0083"", ""fair_value"": 0.07802197802197802, ""rationale_short"": ""Mock allocation.""}, {""tracking_id"": ""RSO-0084"", ""fair_value"": 0.07142857142857142, ""rationale_short"": ""Mock allocation.""}, {""tracking_id"": ""RSO-0085"", ""fair_value"": 0.0032967032967032967, ""rationale_short"": ""Mock allocation.""}, {""tracking_id"": ""RSO-0086"", ""fair_value"": 0.08461538461538462, ""rationale_short"": ""Mock allocation.""}, {""tracking_id"": ""RSO-0087"", ""fair_value"": 0.07692307692307693, ""rationale_short"": ""Mock allocation.""}, {""tracking_id"": ""RSO-0088"", ""fair_value"": 0.08241758241758242, ""rationale_short"": ""Mock allocation.""}, {""tracking_id"": ""RSO-0089"", ""fair_value"": 0.051648351648351645, ""rationale_short"": ""Mock allocation.""}, {""tracking_id"": ""RSO-0090"", ""fair_value"": 0.1043956043956044, ""rationale_short"": ""Mock allocation.""}, {""tracking_id"": ""RSO-0091"", ""fair_value"": 0.017582417582417582, ""rationale_short"": ""Mock allocation.""}, {""tracking_id"": ""RSO-0092"", ""fair_value"": 0.00989010989010989, ""rationale_short"": ""Mock allocation.""}]}",OK,,0.1155,mid,,true
20260629T181331Z:Brazil Presidential Election:RSO-0079,20260629T181331Z,2026-06-29T18:13:31Z,group_fair_value_v0.1,mock,qwen3:8b,Brazil Presidential Election,Brazil Presidential Election,17,RSO-0079,Michelle Bolsonaro,Will Michelle Bolsonaro win the 2026 Brazilian presidential election?,Brazil,brazil_presidential,presidential_two_round,brazil_president_winner_2026,601822,0x37ec4c6b57a18b16eed1241f6155ee7ff45bc1697d7848f15ac33d406e38ed00,will-michelle-bolsonaro-win-the-2026-brazilian-presidential-election,https://polymarket.com/event/will-michelle-bolsonaro-win-the-2026-brazilian-presidential-election,91154058715822908897619103072380844452822017332608583147987152526225529443892,0.01318681,0.01318681,0.25,Mock allocation.,MOCK group estimate for pipeline testing only.,"[""mock mode"", ""no real evidence used""]",0.99999998,false,"[""evidence/shared/brazil_context.md"", ""evidence/parents/brazil-president-winner-2026.md"", ""evidence/parents/brazil-presidential-election.md""]",a29ddd32d0c0c158,"{""group_confidence"": 0.25, ""group_rationale_short"": ""MOCK group estimate for pipeline testing only."", ""key_uncertainties"": [""mock mode"", ""no real evidence used""], ""allocations"": [{""tracking_id"": ""RSO-0076"", ""fair_value"": 0.07692307692307693, ""rationale_short"": ""Mock allocation.""}, {""tracking_id"": ""RSO-0077"", ""fair_value"": 0.07362637362637363, ""rationale_short"": ""Mock allocation.""}, {""tracking_id"": ""RSO-0078"", ""fair_value"": 0.07582417582417582, ""rationale_short"": ""Mock allocation.""}, {""tracking_id"": ""RSO-0079"", ""fair_value"": 0.013186813186813187, ""rationale_short"": ""Mock allocation.""}, {""tracking_id"": ""RSO-0080"", ""fair_value"": 0.05384615384615385, ""rationale_short"": ""Mock allocation.""}, {""tracking_id"": ""RSO-0081"", ""fair_value"": 0.024175824175824177, ""rationale_short"": ""Mock allocation.""}, {""tracking_id"": ""RSO-0082"", ""fair_value"": 0.1021978021978022, ""rationale_short"": ""Mock allocation.""}, {""tracking_id"": ""RSO-0083"", ""fair_value"": 0.07802197802197802, ""rationale_short"": ""Mock allocation.""}, {""tracking_id"": ""RSO-0084"", ""fair_value"": 0.07142857142857142, ""rationale_short"": ""Mock allocation.""}, {""tracking_id"": ""RSO-0085"", ""fair_value"": 0.0032967032967032967, ""rationale_short"": ""Mock allocation.""}, {""tracking_id"": ""RSO-0086"", ""fair_value"": 0.08461538461538462, ""rationale_short"": ""Mock allocation.""}, {""tracking_id"": ""RSO-0087"", ""fair_value"": 0.07692307692307693, ""rationale_short"": ""Mock allocation.""}, {""tracking_id"": ""RSO-0088"", ""fair_value"": 0.08241758241758242, ""rationale_short"": ""Mock allocation.""}, {""tracking_id"": ""RSO-0089"", ""fair_value"": 0.051648351648351645, ""rationale_short"": ""Mock allocation.""}, {""tracking_id"": ""RSO-0090"", ""fair_value"": 0.1043956043956044, ""rationale_short"": ""Mock allocation.""}, {""tracking_id"": ""RSO-0091"", ""fair_value"": 0.017582417582417582, ""rationale_short"": ""Mock allocation.""}, {""tracking_id"": ""RSO-0092"", ""fair_value"": 0.00989010989010989, ""rationale_short"": ""Mock allocation.""}]}",OK,,0.028,mid,,true
20260629T181331Z:Brazil Presidential Election:RSO-0080,20260629T181331Z,2026-06-29T18:13:31Z,group_fair_value_v0.1,mock,qwen3:8b,Brazil Presidential Election,Brazil Presidential Election,17,RSO-0080,Ronaldo Caiado,Will Ronaldo Caiado win the 2026 Brazilian presidential election?,Brazil,brazil_presidential,presidential_two_round,brazil_president_winner_2026,601827,0xbca3d70ec52a5a441ccc365a3b1b48b9cd0f08dfff4bc5871e2cd92d0d92caa1,will-ronaldo-caiado-win-the-2026-brazilian-presidential-election,https://polymarket.com/event/will-ronaldo-caiado-win-the-2026-brazilian-presidential-election,36262307788727352725358528951052957737657822670589615830114396216160368496388,0.05384615,0.05384615,0.25,Mock allocation.,MOCK group estimate for pipeline testing only.,"[""mock mode"", ""no real evidence used""]",0.99999998,false,"[""evidence/shared/brazil_context.md"", ""evidence/parents/brazil-president-winner-2026.md"", ""evidence/parents/brazil-presidential-election.md""]",a29ddd32d0c0c158,"{""group_confidence"": 0.25, ""group_rationale_short"": ""MOCK group estimate for pipeline testing only."", ""key_uncertainties"": [""mock mode"", ""no real evidence used""], ""allocations"": [{""tracking_id"": ""RSO-0076"", ""fair_value"": 0.07692307692307693, ""rationale_short"": ""Mock allocation.""}, {""tracking_id"": ""RSO-0077"", ""fair_value"": 0.07362637362637363, ""rationale_short"": ""Mock allocation.""}, {""tracking_id"": ""RSO-0078"", ""fair_value"": 0.07582417582417582, ""rationale_short"": ""Mock allocation.""}, {""tracking_id"": ""RSO-0079"", ""fair_value"": 0.013186813186813187, ""rationale_short"": ""Mock allocation.""}, {""tracking_id"": ""RSO-0080"", ""fair_value"": 0.05384615384615385, ""rationale_short"": ""Mock allocation.""}, {""tracking_id"": ""RSO-0081"", ""fair_value"": 0.024175824175824177, ""rationale_short"": ""Mock allocation.""}, {""tracking_id"": ""RSO-0082"", ""fair_value"": 0.1021978021978022, ""rationale_short"": ""Mock allocation.""}, {""tracking_id"": ""RSO-0083"", ""fair_value"": 0.07802197802197802, ""rationale_short"": ""Mock allocation.""}, {""tracking_id"": ""RSO-0084"", ""fair_value"": 0.07142857142857142, ""rationale_short"": ""Mock allocation.""}, {""tracking_id"": ""RSO-0085"", ""fair_value"": 0.0032967032967032967, ""rationale_short"": ""Mock allocation.""}, {""tracking_id"": ""RSO-0086"", ""fair_value"": 0.08461538461538462, ""rationale_short"": ""Mock allocation.""}, {""tracking_id"": ""RSO-0087"", ""fair_value"": 0.07692307692307693, ""rationale_short"": ""Mock allocation.""}, {""tracking_id"": ""RSO-0088"", ""fair_value"": 0.08241758241758242, ""rationale_short"": ""Mock allocation.""}, {""tracking_id"": ""RSO-0089"", ""fair_value"": 0.051648351648351645, ""rationale_short"": ""Mock allocation.""}, {""tracking_id"": ""RSO-0090"", ""fair_value"": 0.1043956043956044, ""rationale_short"": ""Mock allocation.""}, {""tracking_id"": ""RSO-0091"", ""fair_value"": 0.017582417582417582, ""rationale_short"": ""Mock allocation.""}, {""tracking_id"": ""RSO-0092"", ""fair_value"": 0.00989010989010989, ""rationale_short"": ""Mock allocation.""}]}",OK,,0.0125,mid,,true
20260629T181331Z:Brazil Presidential Election:RSO-0081,20260629T181331Z,2026-06-29T18:13:31Z,group_fair_value_v0.1,mock,qwen3:8b,Brazil Presidential Election,Brazil Presidential Election,17,RSO-0081,Fernando Haddad,Will Fernando Haddad win the 2026 Brazilian presidential election?,Brazil,brazil_presidential,presidential_two_round,brazil_president_winner_2026,601821,0xdd3d104667774208eae2239f576122ecdd1c04ba81cc14d26d22a36b33887977,will-fernando-haddad-win-the-2026-brazilian-presidential-election,https://polymarket.com/event/will-fernando-haddad-win-the-2026-brazilian-presidential-election,34763699632057764824138626876692302096202604335992573366008355204521657293675,0.02417582,0.02417582,0.25,Mock allocation.,MOCK group estimate for pipeline testing only.,"[""mock mode"", ""no real evidence used""]",0.99999998,false,"[""evidence/shared/brazil_context.md"", ""evidence/parents/brazil-president-winner-2026.md"", ""evidence/parents/brazil-presidential-election.md""]",a29ddd32d0c0c158,"{""group_confidence"": 0.25, ""group_rationale_short"": ""MOCK group estimate for pipeline testing only."", ""key_uncertainties"": [""mock mode"", ""no real evidence used""], ""allocations"": [{""tracking_id"": ""RSO-0076"", ""fair_value"": 0.07692307692307693, ""rationale_short"": ""Mock allocation.""}, {""tracking_id"": ""RSO-0077"", ""fair_value"": 0.07362637362637363, ""rationale_short"": ""Mock allocation.""}, {""tracking_id"": ""RSO-0078"", ""fair_value"": 0.07582417582417582, ""rationale_short"": ""Mock allocation.""}, {""tracking_id"": ""RSO-0079"", ""fair_value"": 0.013186813186813187, ""rationale_short"": ""Mock allocation.""}, {""tracking_id"": ""RSO-0080"", ""fair_value"": 0.05384615384615385, ""rationale_short"": ""Mock allocation.""}, {""tracking_id"": ""RSO-0081"", ""fair_value"": 0.024175824175824177, ""rationale_short"": ""Mock allocation.""}, {""tracking_id"": ""RSO-0082"", ""fair_value"": 0.1021978021978022, ""rationale_short"": ""Mock allocation.""}, {""tracking_id"": ""RSO-0083"", ""fair_value"": 0.07802197802197802, ""rationale_short"": ""Mock allocation.""}, {""tracking_id"": ""RSO-0084"", ""fair_value"": 0.07142857142857142, ""rationale_short"": ""Mock allocation.""}, {""tracking_id"": ""RSO-0085"", ""fair_value"": 0.0032967032967032967, ""rationale_short"": ""Mock allocation.""}, {""tracking_id"": ""RSO-0086"", ""fair_value"": 0.08461538461538462, ""rationale_short"": ""Mock allocation.""}, {""tracking_id"": ""RSO-0087"", ""fair_value"": 0.07692307692307693, ""rationale_short"": ""Mock allocation.""}, {""tracking_id"": ""RSO-0088"", ""fair_value"": 0.08241758241758242, ""rationale_short"": ""Mock allocation.""}, {""tracking_id"": ""RSO-0089"", ""fair_value"": 0.051648351648351645, ""rationale_short"": ""Mock allocation.""}, {""tracking_id"": ""RSO-0090"", ""fair_value"": 0.1043956043956044, ""rationale_short"": ""Mock allocation.""}, {""tracking_id"": ""RSO-0091"", ""fair_value"": 0.017582417582417582, ""rationale_short"": ""Mock allocation.""}, {""tracking_id"": ""RSO-0092"", ""fair_value"": 0.00989010989010989, ""rationale_short"": ""Mock allocation.""}]}",OK,,0.0105,mid,,true
20260629T181331Z:Brazil Presidential Election:RSO-0082,20260629T181331Z,2026-06-29T18:13:31Z,group_fair_value_v0.1,mock,qwen3:8b,Brazil Presidential Election,Brazil Presidential Election,17,RSO-0082,Camilo Santana,Will Camilo Santana win the 2026 Brazilian presidential election?,Brazil,brazil_presidential,presidential_two_round,brazil_president_winner_2026,601829,0x101d084cd035070abde58d8a3113b78e11ba68028b0d9e7e38ea7d780797aecc,will-camilo-santana-win-the-2026-brazilian-presidential-election,https://polymarket.com/event/will-camilo-santana-win-the-2026-brazilian-presidential-election,40200361970099951836914907993971598083846841136374094155950298822866778978473,0.1021978,0.1021978,0.25,Mock allocation.,MOCK group estimate for pipeline testing only.,"[""mock mode"", ""no real evidence used""]",0.99999998,false,"[""evidence/shared/brazil_context.md"", ""evidence/parents/brazil-president-winner-2026.md"", ""evidence/parents/brazil-presidential-election.md""]",a29ddd32d0c0c158,"{""group_confidence"": 0.25, ""group_rationale_short"": ""MOCK group estimate for pipeline testing only."", ""key_uncertainties"": [""mock mode"", ""no real evidence used""], ""allocations"": [{""tracking_id"": ""RSO-0076"", ""fair_value"": 0.07692307692307693, ""rationale_short"": ""Mock allocation.""}, {""tracking_id"": ""RSO-0077"", ""fair_value"": 0.07362637362637363, ""rationale_short"": ""Mock allocation.""}, {""tracking_id"": ""RSO-0078"", ""fair_value"": 0.07582417582417582, ""rationale_short"": ""Mock allocation.""}, {""tracking_id"": ""RSO-0079"", ""fair_value"": 0.013186813186813187, ""rationale_short"": ""Mock allocation.""}, {""tracking_id"": ""RSO-0080"", ""fair_value"": 0.05384615384615385, ""rationale_short"": ""Mock allocation.""}, {""tracking_id"": ""RSO-0081"", ""fair_value"": 0.024175824175824177, ""rationale_short"": ""Mock allocation.""}, {""tracking_id"": ""RSO-0082"", ""fair_value"": 0.1021978021978022, ""rationale_short"": ""Mock allocation.""}, {""tracking_id"": ""RSO-0083"", ""fair_value"": 0.07802197802197802, ""rationale_short"": ""Mock allocation.""}, {""tracking_id"": ""RSO-0084"", ""fair_value"": 0.07142857142857142, ""rationale_short"": ""Mock allocation.""}, {""tracking_id"": ""RSO-0085"", ""fair_value"": 0.0032967032967032967, ""rationale_short"": ""Mock allocation.""}, {""tracking_id"": ""RSO-0086"", ""fair_value"": 0.08461538461538462, ""rationale_short"": ""Mock allocation.""}, {""tracking_id"": ""RSO-0087"", ""fair_value"": 0.07692307692307693, ""rationale_short"": ""Mock allocation.""}, {""tracking_id"": ""RSO-0088"", ""fair_value"": 0.08241758241758242, ""rationale_short"": ""Mock allocation.""}, {""tracking_id"": ""RSO-0089"", ""fair_value"": 0.051648351648351645, ""rationale_short"": ""Mock allocation.""}, {""tracking_id"": ""RSO-0090"", ""fair_value"": 0.1043956043956044, ""rationale_short"": ""Mock allocation.""}, {""tracking_id"": ""RSO-0091"", ""fair_value"": 0.017582417582417582, ""rationale_short"": ""Mock allocation.""}, {""tracking_id"": ""RSO-0092"", ""fair_value"": 0.00989010989010989, ""rationale_short"": ""Mock allocation.""}]}",OK,,0.0065,mid,,true
20260629T181331Z:Brazil Presidential Election:RSO-0083,20260629T181331Z,2026-06-29T18:13:31Z,group_fair_value_v0.1,mock,qwen3:8b,Brazil Presidential Election,Brazil Presidential Election,17,RSO-0083,Romeu Zema,Will Romeu Zema win the 2026 Brazilian presidential election?,Brazil,brazil_presidential,presidential_two_round,brazil_president_winner_2026,601828,0x054725b2a7971376f7924a7021221b12acc50fe78d97817824fe411704d5b5a2,will-romeu-zema-win-the-2026-brazilian-presidential-election,https://polymarket.com/event/will-romeu-zema-win-the-2026-brazilian-presidential-election,44340846524235712899508083510503343345123518718867913608211694999290628967401,0.07802198,0.07802198,0.25,Mock allocation.,MOCK group estimate for pipeline testing only.,"[""mock mode"", ""no real evidence used""]",0.99999998,false,"[""evidence/shared/brazil_context.md"", ""evidence/parents/brazil-president-winner-2026.md"", ""evidence/parents/brazil-presidential-election.md""]",a29ddd32d0c0c158,"{""group_confidence"": 0.25, ""group_rationale_short"": ""MOCK group estimate for pipeline testing only."", ""key_uncertainties"": [""mock mode"", ""no real evidence used""], ""allocations"": [{""tracking_id"": ""RSO-0076"", ""fair_value"": 0.07692307692307693, ""rationale_short"": ""Mock allocation.""}, {""tracking_id"": ""RSO-0077"", ""fair_value"": 0.07362637362637363, ""rationale_short"": ""Mock allocation.""}, {""tracking_id"": ""RSO-0078"", ""fair_value"": 0.07582417582417582, ""rationale_short"": ""Mock allocation.""}, {""tracking_id"": ""RSO-0079"", ""fair_value"": 0.013186813186813187, ""rationale_short"": ""Mock allocation.""}, {""tracking_id"": ""RSO-0080"", ""fair_value"": 0.05384615384615385, ""rationale_short"": ""Mock allocation.""}, {""tracking_id"": ""RSO-0081"", ""fair_value"": 0.024175824175824177, ""rationale_short"": ""Mock allocation.""}, {""tracking_id"": ""RSO-0082"", ""fair_value"": 0.1021978021978022, ""rationale_short"": ""Mock allocation.""}, {""tracking_id"": ""RSO-0083"", ""fair_value"": 0.07802197802197802, ""rationale_short"": ""Mock allocation.""}, {""tracking_id"": ""RSO-0084"", ""fair_value"": 0.07142857142857142, ""rationale_short"": ""Mock allocation.""}, {""tracking_id"": ""RSO-0085"", ""fair_value"": 0.0032967032967032967, ""rationale_short"": ""Mock allocation.""}, {""tracking_id"": ""RSO-0086"", ""fair_value"": 0.08461538461538462, ""rationale_short"": ""Mock allocation.""}, {""tracking_id"": ""RSO-0087"", ""fair_value"": 0.07692307692307693, ""rationale_short"": ""Mock allocation.""}, {""tracking_id"": ""RSO-0088"", ""fair_value"": 0.08241758241758242, ""rationale_short"": ""Mock allocation.""}, {""tracking_id"": ""RSO-0089"", ""fair_value"": 0.051648351648351645, ""rationale_short"": ""Mock allocation.""}, {""tracking_id"": ""RSO-0090"", ""fair_value"": 0.1043956043956044, ""rationale_short"": ""Mock allocation.""}, {""tracking_id"": ""RSO-0091"", ""fair_value"": 0.017582417582417582, ""rationale_short"": ""Mock allocation.""}, {""tracking_id"": ""RSO-0092"", ""fair_value"": 0.00989010989010989, ""rationale_short"": ""Mock allocation.""}]}",OK,,0.0115,mid,,true
20260629T181331Z:Brazil Presidential Election:RSO-0084,20260629T181331Z,2026-06-29T18:13:31Z,group_fair_value_v0.1,mock,qwen3:8b,Brazil Presidential Election,Brazil Presidential Election,17,RSO-0084,Jair Bolsonaro,Will Jair Bolsonaro win the 2026 Brazilian presidential election?,Brazil,brazil_presidential,presidential_two_round,brazil_president_winner_2026,601820,0x63d8f3a34c90bd5342dda8acf62b6a898dfa52f86475efaf180b66493ef6af80,will-jair-bolsonaro-win-the-2026-brazilian-presidential-election,https://polymarket.com/event/will-jair-bolsonaro-win-the-2026-brazilian-presidential-election,66991175107696133528353695394151645462081911990365106169948013117379189357520,0.07142857,0.07142857,0.25,Mock allocation.,MOCK group estimate for pipeline testing only.,"[""mock mode"", ""no real evidence used""]",0.99999998,false,"[""evidence/shared/brazil_context.md"", ""evidence/parents/brazil-president-winner-2026.md"", ""evidence/parents/brazil-presidential-election.md""]",a29ddd32d0c0c158,"{""group_confidence"": 0.25, ""group_rationale_short"": ""MOCK group estimate for pipeline testing only."", ""key_uncertainties"": [""mock mode"", ""no real evidence used""], ""allocations"": [{""tracking_id"": ""RSO-0076"", ""fair_value"": 0.07692307692307693, ""rationale_short"": ""Mock allocation.""}, {""tracking_id"": ""RSO-0077"", ""fair_value"": 0.07362637362637363, ""rationale_short"": ""Mock allocation.""}, {""tracking_id"": ""RSO-0078"", ""fair_value"": 0.07582417582417582, ""rationale_short"": ""Mock allocation.""}, {""tracking_id"": ""RSO-0079"", ""fair_value"": 0.013186813186813187, ""rationale_short"": ""Mock allocation.""}, {""tracking_id"": ""RSO-0080"", ""fair_value"": 0.05384615384615385, ""rationale_short"": ""Mock allocation.""}, {""tracking_id"": ""RSO-0081"", ""fair_value"": 0.024175824175824177, ""rationale_short"": ""Mock allocation.""}, {""tracking_id"": ""RSO-0082"", ""fair_value"": 0.1021978021978022, ""rationale_short"": ""Mock allocation.""}, {""tracking_id"": ""RSO-0083"", ""fair_value"": 0.07802197802197802, ""rationale_short"": ""Mock allocation.""}, {""tracking_id"": ""RSO-0084"", ""fair_value"": 0.07142857142857142, ""rationale_short"": ""Mock allocation.""}, {""tracking_id"": ""RSO-0085"", ""fair_value"": 0.0032967032967032967, ""rationale_short"": ""Mock allocation.""}, {""tracking_id"": ""RSO-0086"", ""fair_value"": 0.08461538461538462, ""rationale_short"": ""Mock allocation.""}, {""tracking_id"": ""RSO-0087"", ""fair_value"": 0.07692307692307693, ""rationale_short"": ""Mock allocation.""}, {""tracking_id"": ""RSO-0088"", ""fair_value"": 0.08241758241758242, ""rationale_short"": ""Mock allocation.""}, {""tracking_id"": ""RSO-0089"", ""fair_value"": 0.051648351648351645, ""rationale_short"": ""Mock allocation.""}, {""tracking_id"": ""RSO-0090"", ""fair_value"": 0.1043956043956044, ""rationale_short"": ""Mock allocation.""}, {""tracking_id"": ""RSO-0091"", ""fair_value"": 0.017582417582417582, ""rationale_short"": ""Mock allocation.""}, {""tracking_id"": ""RSO-0092"", ""fair_value"": 0.00989010989010989, ""rationale_short"": ""Mock allocation.""}]}",OK,,0.0055,mid,,true
20260629T181331Z:Brazil Presidential Election:RSO-0085,20260629T181331Z,2026-06-29T18:13:31Z,group_fair_value_v0.1,mock,qwen3:8b,Brazil Presidential Election,Brazil Presidential Election,17,RSO-0085,Geraldo Alckmin,Will Geraldo Alckmin win the 2026 Brazilian presidential election?,Brazil,brazil_presidential,presidential_two_round,brazil_president_winner_2026,601830,0xd0536d9612e041312235baceac52bde48821e8aad4607533513b3782904b7d49,will-geraldo-alckmin-win-the-2026-brazilian-presidential-election,https://polymarket.com/event/will-geraldo-alckmin-win-the-2026-brazilian-presidential-election,70059117674007036240163073645113489994895807359788046023215512784288966325609,0.0032967,0.0032967,0.25,Mock allocation.,MOCK group estimate for pipeline testing only.,"[""mock mode"", ""no real evidence used""]",0.99999998,false,"[""evidence/shared/brazil_context.md"", ""evidence/parents/brazil-president-winner-2026.md"", ""evidence/parents/brazil-presidential-election.md""]",a29ddd32d0c0c158,"{""group_confidence"": 0.25, ""group_rationale_short"": ""MOCK group estimate for pipeline testing only."", ""key_uncertainties"": [""mock mode"", ""no real evidence used""], ""allocations"": [{""tracking_id"": ""RSO-0076"", ""fair_value"": 0.07692307692307693, ""rationale_short"": ""Mock allocation.""}, {""tracking_id"": ""RSO-0077"", ""fair_value"": 0.07362637362637363, ""rationale_short"": ""Mock allocation.""}, {""tracking_id"": ""RSO-0078"", ""fair_value"": 0.07582417582417582, ""rationale_short"": ""Mock allocation.""}, {""tracking_id"": ""RSO-0079"", ""fair_value"": 0.013186813186813187, ""rationale_short"": ""Mock allocation.""}, {""tracking_id"": ""RSO-0080"", ""fair_value"": 0.05384615384615385, ""rationale_short"": ""Mock allocation.""}, {""tracking_id"": ""RSO-0081"", ""fair_value"": 0.024175824175824177, ""rationale_short"": ""Mock allocation.""}, {""tracking_id"": ""RSO-0082"", ""fair_value"": 0.1021978021978022, ""rationale_short"": ""Mock allocation.""}, {""tracking_id"": ""RSO-0083"", ""fair_value"": 0.07802197802197802, ""rationale_short"": ""Mock allocation.""}, {""tracking_id"": ""RSO-0084"", ""fair_value"": 0.07142857142857142, ""rationale_short"": ""Mock allocation.""}, {""tracking_id"": ""RSO-0085"", ""fair_value"": 0.0032967032967032967, ""rationale_short"": ""Mock allocation.""}, {""tracking_id"": ""RSO-0086"", ""fair_value"": 0.08461538461538462, ""rationale_short"": ""Mock allocation.""}, {""tracking_id"": ""RSO-0087"", ""fair_value"": 0.07692307692307693, ""rationale_short"": ""Mock allocation.""}, {""tracking_id"": ""RSO-0088"", ""fair_value"": 0.08241758241758242, ""rationale_short"": ""Mock allocation.""}, {""tracking_id"": ""RSO-0089"", ""fair_value"": 0.051648351648351645, ""rationale_short"": ""Mock allocation.""}, {""tracking_id"": ""RSO-0090"", ""fair_value"": 0.1043956043956044, ""rationale_short"": ""Mock allocation.""}, {""tracking_id"": ""RSO-0091"", ""fair_value"": 0.017582417582417582, ""rationale_short"": ""Mock allocation.""}, {""tracking_id"": ""RSO-0092"", ""fair_value"": 0.00989010989010989, ""rationale_short"": ""Mock allocation.""}]}",OK,,0.0045,mid,,true
20260629T181331Z:Brazil Presidential Election:RSO-0086,20260629T181331Z,2026-06-29T18:13:31Z,group_fair_value_v0.1,mock,qwen3:8b,Brazil Presidential Election,Brazil Presidential Election,17,RSO-0086,Tereza Cristina,Will Tereza Cristina win the 2026 Brazilian presidential election?,Brazil,brazil_presidential,presidential_two_round,brazil_president_winner_2026,601833,0xae7dd99bf126b033b77af2553a98b97e1190fd7bdddd5a792ca2791ae23e4d13,will-tereza-cristina-win-the-2026-brazilian-presidential-election,https://polymarket.com/event/will-tereza-cristina-win-the-2026-brazilian-presidential-election,111901744542692526827481385722975834672043376661227579870355575009066606657994,0.08461538,0.08461538,0.25,Mock allocation.,MOCK group estimate for pipeline testing only.,"[""mock mode"", ""no real evidence used""]",0.99999998,false,"[""evidence/shared/brazil_context.md"", ""evidence/parents/brazil-president-winner-2026.md"", ""evidence/parents/brazil-presidential-election.md""]",a29ddd32d0c0c158,"{""group_confidence"": 0.25, ""group_rationale_short"": ""MOCK group estimate for pipeline testing only."", ""key_uncertainties"": [""mock mode"", ""no real evidence used""], ""allocations"": [{""tracking_id"": ""RSO-0076"", ""fair_value"": 0.07692307692307693, ""rationale_short"": ""Mock allocation.""}, {""tracking_id"": ""RSO-0077"", ""fair_value"": 0.07362637362637363, ""rationale_short"": ""Mock allocation.""}, {""tracking_id"": ""RSO-0078"", ""fair_value"": 0.07582417582417582, ""rationale_short"": ""Mock allocation.""}, {""tracking_id"": ""RSO-0079"", ""fair_value"": 0.013186813186813187, ""rationale_short"": ""Mock allocation.""}, {""tracking_id"": ""RSO-0080"", ""fair_value"": 0.05384615384615385, ""rationale_short"": ""Mock allocation.""}, {""tracking_id"": ""RSO-0081"", ""fair_value"": 0.024175824175824177, ""rationale_short"": ""Mock allocation.""}, {""tracking_id"": ""RSO-0082"", ""fair_value"": 0.1021978021978022, ""rationale_short"": ""Mock allocation.""}, {""tracking_id"": ""RSO-0083"", ""fair_value"": 0.07802197802197802, ""rationale_short"": ""Mock allocation.""}, {""tracking_id"": ""RSO-0084"", ""fair_value"": 0.07142857142857142, ""rationale_short"": ""Mock allocation.""}, {""tracking_id"": ""RSO-0085"", ""fair_value"": 0.0032967032967032967, ""rationale_short"": ""Mock allocation.""}, {""tracking_id"": ""RSO-0086"", ""fair_value"": 0.08461538461538462, ""rationale_short"": ""Mock allocation.""}, {""tracking_id"": ""RSO-0087"", ""fair_value"": 0.07692307692307693, ""rationale_short"": ""Mock allocation.""}, {""tracking_id"": ""RSO-0088"", ""fair_value"": 0.08241758241758242, ""rationale_short"": ""Mock allocation.""}, {""tracking_id"": ""RSO-0089"", ""fair_value"": 0.051648351648351645, ""rationale_short"": ""Mock allocation.""}, {""tracking_id"": ""RSO-0090"", ""fair_value"": 0.1043956043956044, ""rationale_short"": ""Mock allocation.""}, {""tracking_id"": ""RSO-0091"", ""fair_value"": 0.017582417582417582, ""rationale_short"": ""Mock allocation.""}, {""tracking_id"": ""RSO-0092"", ""fair_value"": 0.00989010989010989, ""rationale_short"": ""Mock allocation.""}]}",OK,,0.0025,mid,,true
20260629T181331Z:Brazil Presidential Election:RSO-0087,20260629T181331Z,2026-06-29T18:13:31Z,group_fair_value_v0.1,mock,qwen3:8b,Brazil Presidential Election,Brazil Presidential Election,17,RSO-0087,Tarcisio de Freitas,Will Tarcisio de Freitas win the 2026 Brazilian presidential election?,Brazil,brazil_presidential,presidential_two_round,brazil_president_winner_2026,601818,0x81a537b379a35e4e17c286d3b37394e94bd74c1779bbe9a13670eb991b201a3a,will-tarcisio-de-frietas-win-the-2026-brazilian-presidential-election,https://polymarket.com/event/will-tarcisio-de-frietas-win-the-2026-brazilian-presidential-election,52634616068523389389514492087655237014427439869589807217055529923225131895030,0.07692308,0.07692308,0.25,Mock allocation.,MOCK group estimate for pipeline testing only.,"[""mock mode"", ""no real evidence used""]",0.99999998,false,"[""evidence/shared/brazil_context.md"", ""evidence/parents/brazil-president-winner-2026.md"", ""evidence/parents/brazil-presidential-election.md""]",a29ddd32d0c0c158,"{""group_confidence"": 0.25, ""group_rationale_short"": ""MOCK group estimate for pipeline testing only."", ""key_uncertainties"": [""mock mode"", ""no real evidence used""], ""allocations"": [{""tracking_id"": ""RSO-0076"", ""fair_value"": 0.07692307692307693, ""rationale_short"": ""Mock allocation.""}, {""tracking_id"": ""RSO-0077"", ""fair_value"": 0.07362637362637363, ""rationale_short"": ""Mock allocation.""}, {""tracking_id"": ""RSO-0078"", ""fair_value"": 0.07582417582417582, ""rationale_short"": ""Mock allocation.""}, {""tracking_id"": ""RSO-0079"", ""fair_value"": 0.013186813186813187, ""rationale_short"": ""Mock allocation.""}, {""tracking_id"": ""RSO-0080"", ""fair_value"": 0.05384615384615385, ""rationale_short"": ""Mock allocation.""}, {""tracking_id"": ""RSO-0081"", ""fair_value"": 0.024175824175824177, ""rationale_short"": ""Mock allocation.""}, {""tracking_id"": ""RSO-0082"", ""fair_value"": 0.1021978021978022, ""rationale_short"": ""Mock allocation.""}, {""tracking_id"": ""RSO-0083"", ""fair_value"": 0.07802197802197802, ""rationale_short"": ""Mock allocation.""}, {""tracking_id"": ""RSO-0084"", ""fair_value"": 0.07142857142857142, ""rationale_short"": ""Mock allocation.""}, {""tracking_id"": ""RSO-0085"", ""fair_value"": 0.0032967032967032967, ""rationale_short"": ""Mock allocation.""}, {""tracking_id"": ""RSO-0086"", ""fair_value"": 0.08461538461538462, ""rationale_short"": ""Mock allocation.""}, {""tracking_id"": ""RSO-0087"", ""fair_value"": 0.07692307692307693, ""rationale_short"": ""Mock allocation.""}, {""tracking_id"": ""RSO-0088"", ""fair_value"": 0.08241758241758242, ""rationale_short"": ""Mock allocation.""}, {""tracking_id"": ""RSO-0089"", ""fair_value"": 0.051648351648351645, ""rationale_short"": ""Mock allocation.""}, {""tracking_id"": ""RSO-0090"", ""fair_value"": 0.1043956043956044, ""rationale_short"": ""Mock allocation.""}, {""tracking_id"": ""RSO-0091"", ""fair_value"": 0.017582417582417582, ""rationale_short"": ""Mock allocation.""}, {""tracking_id"": ""RSO-0092"", ""fair_value"": 0.00989010989010989, ""rationale_short"": ""Mock allocation.""}]}",OK,,0.0015,mid,,true
20260629T181331Z:Brazil Presidential Election:RSO-0088,20260629T181331Z,2026-06-29T18:13:31Z,group_fair_value_v0.1,mock,qwen3:8b,Brazil Presidential Election,Brazil Presidential Election,17,RSO-0088,Eduardo Bolsonaro,Will Eduardo Bolsonaro win the 2026 Brazilian presidential election?,Brazil,brazil_presidential,presidential_two_round,brazil_president_winner_2026,601823,0xe1d5733322fd2215f136412f419d9ff805d097f78c68de3261515ff736895f2b,will-eduardo-bolsonaro-win-the-2026-brazilian-presidential-election,https://polymarket.com/event/will-eduardo-bolsonaro-win-the-2026-brazilian-presidential-election,68827474128979817444758177181483142354604256745613325980470518365059439724226,0.08241758,0.08241758,0.25,Mock allocation.,MOCK group estimate for pipeline testing only.,"[""mock mode"", ""no real evidence used""]",0.99999998,false,"[""evidence/shared/brazil_context.md"", ""evidence/parents/brazil-president-winner-2026.md"", ""evidence/parents/brazil-presidential-election.md""]",a29ddd32d0c0c158,"{""group_confidence"": 0.25, ""group_rationale_short"": ""MOCK group estimate for pipeline testing only."", ""key_uncertainties"": [""mock mode"", ""no real evidence used""], ""allocations"": [{""tracking_id"": ""RSO-0076"", ""fair_value"": 0.07692307692307693, ""rationale_short"": ""Mock allocation.""}, {""tracking_id"": ""RSO-0077"", ""fair_value"": 0.07362637362637363, ""rationale_short"": ""Mock allocation.""}, {""tracking_id"": ""RSO-0078"", ""fair_value"": 0.07582417582417582, ""rationale_short"": ""Mock allocation.""}, {""tracking_id"": ""RSO-0079"", ""fair_value"": 0.013186813186813187, ""rationale_short"": ""Mock allocation.""}, {""tracking_id"": ""RSO-0080"", ""fair_value"": 0.05384615384615385, ""rationale_short"": ""Mock allocation.""}, {""tracking_id"": ""RSO-0081"", ""fair_value"": 0.024175824175824177, ""rationale_short"": ""Mock allocation.""}, {""tracking_id"": ""RSO-0082"", ""fair_value"": 0.1021978021978022, ""rationale_short"": ""Mock allocation.""}, {""tracking_id"": ""RSO-0083"", ""fair_value"": 0.07802197802197802, ""rationale_short"": ""Mock allocation.""}, {""tracking_id"": ""RSO-0084"", ""fair_value"": 0.07142857142857142, ""rationale_short"": ""Mock allocation.""}, {""tracking_id"": ""RSO-0085"", ""fair_value"": 0.0032967032967032967, ""rationale_short"": ""Mock allocation.""}, {""tracking_id"": ""RSO-0086"", ""fair_value"": 0.08461538461538462, ""rationale_short"": ""Mock allocation.""}, {""tracking_id"": ""RSO-0087"", ""fair_value"": 0.07692307692307693, ""rationale_short"": ""Mock allocation.""}, {""tracking_id"": ""RSO-0088"", ""fair_value"": 0.08241758241758242, ""rationale_short"": ""Mock allocation.""}, {""tracking_id"": ""RSO-0089"", ""fair_value"": 0.051648351648351645, ""rationale_short"": ""Mock allocation.""}, {""tracking_id"": ""RSO-0090"", ""fair_value"": 0.1043956043956044, ""rationale_short"": ""Mock allocation.""}, {""tracking_id"": ""RSO-0091"", ""fair_value"": 0.017582417582417582, ""rationale_short"": ""Mock allocation.""}, {""tracking_id"": ""RSO-0092"", ""fair_value"": 0.00989010989010989, ""rationale_short"": ""Mock allocation.""}]}",OK,,0.0015,mid,,true
20260629T181331Z:Brazil Presidential Election:RSO-0089,20260629T181331Z,2026-06-29T18:13:31Z,group_fair_value_v0.1,mock,qwen3:8b,Brazil Presidential Election,Brazil Presidential Election,17,RSO-0089,Aldo Rebelo,Will Aldo Rebelo win the 2026 Brazilian presidential election?,Brazil,brazil_presidential,presidential_two_round,brazil_president_winner_2026,601832,0xafd3f96b7b6084509e625270538ff0699003fafc042263c1216e7f084cef753a,will-aldo-rebelo-win-the-2026-brazilian-presidential-election,https://polymarket.com/event/will-aldo-rebelo-win-the-2026-brazilian-presidential-election,18874063891853426715155938679650704186206312307574669405399400920527965569290,0.05164835,0.05164835,0.25,Mock allocation.,MOCK group estimate for pipeline testing only.,"[""mock mode"", ""no real evidence used""]",0.99999998,false,"[""evidence/shared/brazil_context.md"", ""evidence/parents/brazil-president-winner-2026.md"", ""evidence/parents/brazil-presidential-election.md""]",a29ddd32d0c0c158,"{""group_confidence"": 0.25, ""group_rationale_short"": ""MOCK group estimate for pipeline testing only."", ""key_uncertainties"": [""mock mode"", ""no real evidence used""], ""allocations"": [{""tracking_id"": ""RSO-0076"", ""fair_value"": 0.07692307692307693, ""rationale_short"": ""Mock allocation.""}, {""tracking_id"": ""RSO-0077"", ""fair_value"": 0.07362637362637363, ""rationale_short"": ""Mock allocation.""}, {""tracking_id"": ""RSO-0078"", ""fair_value"": 0.07582417582417582, ""rationale_short"": ""Mock allocation.""}, {""tracking_id"": ""RSO-0079"", ""fair_value"": 0.013186813186813187, ""rationale_short"": ""Mock allocation.""}, {""tracking_id"": ""RSO-0080"", ""fair_value"": 0.05384615384615385, ""rationale_short"": ""Mock allocation.""}, {""tracking_id"": ""RSO-0081"", ""fair_value"": 0.024175824175824177, ""rationale_short"": ""Mock allocation.""}, {""tracking_id"": ""RSO-0082"", ""fair_value"": 0.1021978021978022, ""rationale_short"": ""Mock allocation.""}, {""tracking_id"": ""RSO-0083"", ""fair_value"": 0.07802197802197802, ""rationale_short"": ""Mock allocation.""}, {""tracking_id"": ""RSO-0084"", ""fair_value"": 0.07142857142857142, ""rationale_short"": ""Mock allocation.""}, {""tracking_id"": ""RSO-0085"", ""fair_value"": 0.0032967032967032967, ""rationale_short"": ""Mock allocation.""}, {""tracking_id"": ""RSO-0086"", ""fair_value"": 0.08461538461538462, ""rationale_short"": ""Mock allocation.""}, {""tracking_id"": ""RSO-0087"", ""fair_value"": 0.07692307692307693, ""rationale_short"": ""Mock allocation.""}, {""tracking_id"": ""RSO-0088"", ""fair_value"": 0.08241758241758242, ""rationale_short"": ""Mock allocation.""}, {""tracking_id"": ""RSO-0089"", ""fair_value"": 0.051648351648351645, ""rationale_short"": ""Mock allocation.""}, {""tracking_id"": ""RSO-0090"", ""fair_value"": 0.1043956043956044, ""rationale_short"": ""Mock allocation.""}, {""tracking_id"": ""RSO-0091"", ""fair_value"": 0.017582417582417582, ""rationale_short"": ""Mock allocation.""}, {""tracking_id"": ""RSO-0092"", ""fair_value"": 0.00989010989010989, ""rationale_short"": ""Mock allocation.""}]}",OK,,0.0015,mid,,true
20260629T181331Z:Brazil Presidential Election:RSO-0090,20260629T181331Z,2026-06-29T18:13:31Z,group_fair_value_v0.1,mock,qwen3:8b,Brazil Presidential Election,Brazil Presidential Election,17,RSO-0090,Helder Barbalho,Will Helder Barbalho win the 2026 Brazilian presidential election?,Brazil,brazil_presidential,presidential_two_round,brazil_president_winner_2026,601834,0x919c9bc428d2d19400437852066582b11bb7b00ad78529a0069cde76766b9faf,will-helder-barbalho-win-the-2026-brazilian-presidential-election,https://polymarket.com/event/will-helder-barbalho-win-the-2026-brazilian-presidential-election,49821018408733695378907631766783388197384982451576409356148180829521508621967,0.1043956,0.1043956,0.25,Mock allocation.,MOCK group estimate for pipeline testing only.,"[""mock mode"", ""no real evidence used""]",0.99999998,false,"[""evidence/shared/brazil_context.md"", ""evidence/parents/brazil-president-winner-2026.md"", ""evidence/parents/brazil-presidential-election.md""]",a29ddd32d0c0c158,"{""group_confidence"": 0.25, ""group_rationale_short"": ""MOCK group estimate for pipeline testing only."", ""key_uncertainties"": [""mock mode"", ""no real evidence used""], ""allocations"": [{""tracking_id"": ""RSO-0076"", ""fair_value"": 0.07692307692307693, ""rationale_short"": ""Mock allocation.""}, {""tracking_id"": ""RSO-0077"", ""fair_value"": 0.07362637362637363, ""rationale_short"": ""Mock allocation.""}, {""tracking_id"": ""RSO-0078"", ""fair_value"": 0.07582417582417582, ""rationale_short"": ""Mock allocation.""}, {""tracking_id"": ""RSO-0079"", ""fair_value"": 0.013186813186813187, ""rationale_short"": ""Mock allocation.""}, {""tracking_id"": ""RSO-0080"", ""fair_value"": 0.05384615384615385, ""rationale_short"": ""Mock allocation.""}, {""tracking_id"": ""RSO-0081"", ""fair_value"": 0.024175824175824177, ""rationale_short"": ""Mock allocation.""}, {""tracking_id"": ""RSO-0082"", ""fair_value"": 0.1021978021978022, ""rationale_short"": ""Mock allocation.""}, {""tracking_id"": ""RSO-0083"", ""fair_value"": 0.07802197802197802, ""rationale_short"": ""Mock allocation.""}, {""tracking_id"": ""RSO-0084"", ""fair_value"": 0.07142857142857142, ""rationale_short"": ""Mock allocation.""}, {""tracking_id"": ""RSO-0085"", ""fair_value"": 0.0032967032967032967, ""rationale_short"": ""Mock allocation.""}, {""tracking_id"": ""RSO-0086"", ""fair_value"": 0.08461538461538462, ""rationale_short"": ""Mock allocation.""}, {""tracking_id"": ""RSO-0087"", ""fair_value"": 0.07692307692307693, ""rationale_short"": ""Mock allocation.""}, {""tracking_id"": ""RSO-0088"", ""fair_value"": 0.08241758241758242, ""rationale_short"": ""Mock allocation.""}, {""tracking_id"": ""RSO-0089"", ""fair_value"": 0.051648351648351645, ""rationale_short"": ""Mock allocation.""}, {""tracking_id"": ""RSO-0090"", ""fair_value"": 0.1043956043956044, ""rationale_short"": ""Mock allocation.""}, {""tracking_id"": ""RSO-0091"", ""fair_value"": 0.017582417582417582, ""rationale_short"": ""Mock allocation.""}, {""tracking_id"": ""RSO-0092"", ""fair_value"": 0.00989010989010989, ""rationale_short"": ""Mock allocation.""}]}",OK,,0.0015,mid,,true
20260629T181331Z:Brazil Presidential Election:RSO-0091,20260629T181331Z,2026-06-29T18:13:31Z,group_fair_value_v0.1,mock,qwen3:8b,Brazil Presidential Election,Brazil Presidential Election,17,RSO-0091,Ratinho Júnior,Will Carlos Roberto Massa Júnior win the 2026 Brazilian presidential election?,Brazil,brazil_presidential,presidential_two_round,brazil_president_winner_2026,601824,0xa59bb6bb91e5c1e4d533864520fbd3bb75d6d0ebb813b4cd8a8b88479bfa8966,will-carlos-roberto-massa-jnior-win-the-2026-brazilian-presidential-election,https://polymarket.com/event/will-carlos-roberto-massa-jnior-win-the-2026-brazilian-presidential-election,7424753944577407627798342086224300332261118341771286172561357635231967087849,0.01758242,0.01758242,0.25,Mock allocation.,MOCK group estimate for pipeline testing only.,"[""mock mode"", ""no real evidence used""]",0.99999998,false,"[""evidence/shared/brazil_context.md"", ""evidence/parents/brazil-president-winner-2026.md"", ""evidence/parents/brazil-presidential-election.md""]",a29ddd32d0c0c158,"{""group_confidence"": 0.25, ""group_rationale_short"": ""MOCK group estimate for pipeline testing only."", ""key_uncertainties"": [""mock mode"", ""no real evidence used""], ""allocations"": [{""tracking_id"": ""RSO-0076"", ""fair_value"": 0.07692307692307693, ""rationale_short"": ""Mock allocation.""}, {""tracking_id"": ""RSO-0077"", ""fair_value"": 0.07362637362637363, ""rationale_short"": ""Mock allocation.""}, {""tracking_id"": ""RSO-0078"", ""fair_value"": 0.07582417582417582, ""rationale_short"": ""Mock allocation.""}, {""tracking_id"": ""RSO-0079"", ""fair_value"": 0.013186813186813187, ""rationale_short"": ""Mock allocation.""}, {""tracking_id"": ""RSO-0080"", ""fair_value"": 0.05384615384615385, ""rationale_short"": ""Mock allocation.""}, {""tracking_id"": ""RSO-0081"", ""fair_value"": 0.024175824175824177, ""rationale_short"": ""Mock allocation.""}, {""tracking_id"": ""RSO-0082"", ""fair_value"": 0.1021978021978022, ""rationale_short"": ""Mock allocation.""}, {""tracking_id"": ""RSO-0083"", ""fair_value"": 0.07802197802197802, ""rationale_short"": ""Mock allocation.""}, {""tracking_id"": ""RSO-0084"", ""fair_value"": 0.07142857142857142, ""rationale_short"": ""Mock allocation.""}, {""tracking_id"": ""RSO-0085"", ""fair_value"": 0.0032967032967032967, ""rationale_short"": ""Mock allocation.""}, {""tracking_id"": ""RSO-0086"", ""fair_value"": 0.08461538461538462, ""rationale_short"": ""Mock allocation.""}, {""tracking_id"": ""RSO-0087"", ""fair_value"": 0.07692307692307693, ""rationale_short"": ""Mock allocation.""}, {""tracking_id"": ""RSO-0088"", ""fair_value"": 0.08241758241758242, ""rationale_short"": ""Mock allocation.""}, {""tracking_id"": ""RSO-0089"", ""fair_value"": 0.051648351648351645, ""rationale_short"": ""Mock allocation.""}, {""tracking_id"": ""RSO-0090"", ""fair_value"": 0.1043956043956044, ""rationale_short"": ""Mock allocation.""}, {""tracking_id"": ""RSO-0091"", ""fair_value"": 0.017582417582417582, ""rationale_short"": ""Mock allocation.""}, {""tracking_id"": ""RSO-0092"", ""fair_value"": 0.00989010989010989, ""rationale_short"": ""Mock allocation.""}]}",OK,,0.001,ask_only,no_bids,true
20260629T181331Z:Brazil Presidential Election:RSO-0092,20260629T181331Z,2026-06-29T18:13:31Z,group_fair_value_v0.1,mock,qwen3:8b,Brazil Presidential Election,Brazil Presidential Election,17,RSO-0092,Eduardo Leite,Will Eduardo Leite win the 2026 Brazilian presidential election?,Brazil,brazil_presidential,presidential_two_round,brazil_president_winner_2026,601831,0x70f1a7d2cd490b640676d5e31470bcbe16fef40087de1af8b6f6e44e299b5784,will-eduardo-leite-win-the-2026-brazilian-presidential-election,https://polymarket.com/event/will-eduardo-leite-win-the-2026-brazilian-presidential-election,114877796464914647568230859616993131921615428032065380781940199946418906101564,0.00989011,0.00989011,0.25,Mock allocation.,MOCK group estimate for pipeline testing only.,"[""mock mode"", ""no real evidence used""]",0.99999998,false,"[""evidence/shared/brazil_context.md"", ""evidence/parents/brazil-president-winner-2026.md"", ""evidence/parents/brazil-presidential-election.md""]",a29ddd32d0c0c158,"{""group_confidence"": 0.25, ""group_rationale_short"": ""MOCK group estimate for pipeline testing only."", ""key_uncertainties"": [""mock mode"", ""no real evidence used""], ""allocations"": [{""tracking_id"": ""RSO-0076"", ""fair_value"": 0.07692307692307693, ""rationale_short"": ""Mock allocation.""}, {""tracking_id"": ""RSO-0077"", ""fair_value"": 0.07362637362637363, ""rationale_short"": ""Mock allocation.""}, {""tracking_id"": ""RSO-0078"", ""fair_value"": 0.07582417582417582, ""rationale_short"": ""Mock allocation.""}, {""tracking_id"": ""RSO-0079"", ""fair_value"": 0.013186813186813187, ""rationale_short"": ""Mock allocation.""}, {""tracking_id"": ""RSO-0080"", ""fair_value"": 0.05384615384615385, ""rationale_short"": ""Mock allocation.""}, {""tracking_id"": ""RSO-0081"", ""fair_value"": 0.024175824175824177, ""rationale_short"": ""Mock allocation.""}, {""tracking_id"": ""RSO-0082"", ""fair_value"": 0.1021978021978022, ""rationale_short"": ""Mock allocation.""}, {""tracking_id"": ""RSO-0083"", ""fair_value"": 0.07802197802197802, ""rationale_short"": ""Mock allocation.""}, {""tracking_id"": ""RSO-0084"", ""fair_value"": 0.07142857142857142, ""rationale_short"": ""Mock allocation.""}, {""tracking_id"": ""RSO-0085"", ""fair_value"": 0.0032967032967032967, ""rationale_short"": ""Mock allocation.""}, {""tracking_id"": ""RSO-0086"", ""fair_value"": 0.08461538461538462, ""rationale_short"": ""Mock allocation.""}, {""tracking_id"": ""RSO-0087"", ""fair_value"": 0.07692307692307693, ""rationale_short"": ""Mock allocation.""}, {""tracking_id"": ""RSO-0088"", ""fair_value"": 0.08241758241758242, ""rationale_short"": ""Mock allocation.""}, {""tracking_id"": ""RSO-0089"", ""fair_value"": 0.051648351648351645, ""rationale_short"": ""Mock allocation.""}, {""tracking_id"": ""RSO-0090"", ""fair_value"": 0.1043956043956044, ""rationale_short"": ""Mock allocation.""}, {""tracking_id"": ""RSO-0091"", ""fair_value"": 0.017582417582417582, ""rationale_short"": ""Mock allocation.""}, {""tracking_id"": ""RSO-0092"", ""fair_value"": 0.00989010989010989, ""rationale_short"": ""Mock allocation.""}]}",OK,,0.001,ask_only,no_bids,true
